2019 October 16,,,,,,,,,,,,,,,,,,,,,,,,,,
,,,,,,,,,,,,,,,,,,,,,,,,,,
Station,P,Polarity,P arrival,S,S arrival,Amplitude,    Time Duration,Type,Freq,,,,,,,,,,,,,,,,,
KCP,iP,c,000827.07,iS,000832.83,,63.50,L,,,,,,,,,,,,,,,,,,
SNP,iP,d,001910.35,iS,001917.95,623.0,33.0,L,,,,,,,,,,,,,,,,,,
PLP,eP,d,003828.64,eS,003837.75,,47.00,L,,,,,,,,,,,,,,,,,,
KCP,eP,c,005900.49,iS,005933.04,81.47,141.51,L,,,,,,,,,,,,,,,,,,
GSP,iP,c,005904.36,iS,005911.53,,112.00,L,,,,,,,,,,,,,,,,,,
DMP,eP,c,005929.80,,,,,sL,,,,,,,,,,,,,,,,,,
CGP,eP,,005951.78,,,,,sL,,,,,,,,,,,,,,,,,,
BIP,iP,c,012325.80,eS,012334.79,,29.00,L,,,,,,,,,,,,,,,,,,
SCP,eP,c,012840.36,eS,012910.84,117846.00,58.00,L,,,,,,,,,,,,,,,,,,
GSP,iP,c,022513.01,iS,022523.51,,56.00,L,,,,,,,,,,,,,,,,,,
TBP,eP,,035101.02,eS,035105.07,207.0,120.0,L,,,,,,,,,,,,,,,,,,
PGP,iP,d,054903.61,iS,054917.83,,68,L,,,,,,,,,,,,,,,,,,
TGY,eP,d,054914.35,,,,,sL,,,,,,,,,,,,,,,,,,
LQP,eP,d,054920.84,,,,,sL,,,,,,,,,,,,,,,,,,
PGP,eP,D,065812.69,eS,065825.23,,30,L,,,,,,,,,,,,,,,,,,
LQP,eP,d,065815.24,,,,,sL,,,,,,,,,,,,,,,,,,
BIP,iP,d,072537.51,iS,072543.94,,34.00,L,,,,,,,,,,,,,,,,,,
PGP,eP,d,073544.98,eS,073558.17,,43,L,,,,,,,,,,,,,,,,,,
SIP,eP,c,081425.78,eS,081432.80,1218,1507,L,,,,,,,,,,,,,,,,,,
TBP,eP,,082220.18,iS,082223.97,512.0,180.0,L,,,,,,,,,,,,,,,,,,
SNP,iP,d,082227.69,iS,082236.68,700.0,41.0,L,,,,,,,,,,,,,,,,,,
TBP,iP,d,085513.98,iS,085517.72,1926.0,240.0,L,,,,,,,,,,,,,,,,,,
LLP,eP,,085520.93,iS,085531.30,1550.5,71.55,L,,,,,,,,,,,,,,,,,,
SNP,iP,d,085521.40,iS,085531.02,1951.0,44.0,L,,,,,,,,,,,,,,,,,,
SIP,eP,c,101238.93,eS,101248.48,38882,1619,L,,,,,,,,,,,,,,,,,,
PIP,iP,c,101240.47,iS,101250.96,,180,L,,,,,,,,,,,,,,,,,,
PCP,eP,d,101306.54,eS,101335.82,359,69.47,L,,,,,,,,,,,,,,,,,,
TGY,eP,c,101326.55,,,,,sL,,,,,,,,,,,,,,,,,,
LQP,eP,d,101326.81,,,375,209.86,L,,,,,,,,,,,,,,,,,,
TBP,iP,c,103042.45,iS,103048.31,4103.0,300.0,L,,,,,,,,,,,,,,,,,,
LLP,eP,d,103044.67,iS,103051.20,2414.8,61.33,L,,,,,,,,,,,,,,,,,,
PLP,eP,d,103105.24,eS,103124.41,,63.0,L,,,,,,,,,,,,,,,,,,
KCP,iP,c,113710.82,iS,113715.88,54233915.00,301.37,L,,,,,,,,,,,,,,,,,,
PICP,eP,d,113713.69,eS,113720.08,,561,L,,,,,,,,,,,,,,,,,,
VGLA,eP,c,113714.73,eS,113724.30,8388607,369,L,,,,,,,,,,,,,,,,,,
DMP,eP,c,113716.46,iS,113723.51,46031.00,363.00,L,,,,,,,,,,,,,,,,,,
GSP,iP,c,113720.11,iS,113736.25,,415.00,L,,,,,,,,,,,,,,,,,,
CTB,eP,d,113720.57,iS,113733.18,,591.00,L,,,,,,,,,,,,,,,,,,
VGAM,eP,c,113721.39,eS,113736.41,-1219562,450,L,,,,,,,,,,,,,,,,,,
DDMP,eP,d,113723.47,eS,113738.94,,444,L,,,,,,,,,,,,,,,,,,
BUKP,eP,c,113724.15,eS,113739.56,-1105478,368,L,,,,,,,,,,,,,,,,,,
MATI,eP,d,113726.96,eS,113742.44,2529596,475,L,,,,,,,,,,,,,,,,,,
LCVP,eP,c,113728.77,iS,113748.43,2842631,462,L,,,,,,,,,,,,,,,,,,
MARP,eP,c,113730.45,eS,113749.87,1401822,428,L,,,,,,,,,,,,,,,,,,
BLNP,eP,c,113734.33,eS,113757.44,1725727,555,L,,,,,,,,,,,,,,,,,,
CGP,iP,c,113734.72,iS,113756.63,O.S,309.00,L,,,,,,,,,,,,,,,,,,
CDOP,iP,d,113735.09,eS,113758.44,-1234154,474,L,,,,,,,,,,,,,,,,,,
PAGZ,eP,d,113737.08,eS,113800.30,-992152,472,L,,,,,,,,,,,,,,,,,,
TASP,eP,c,113738.04,eS,113805.39,5534702,463,L,,,,,,,,,,,,,,,,,,
BIP,iP,d,113738.33,iS,113816.11,Offscale,317.00,L,,,,,,,,,,,,,,,,,,
BUTP,eP,c,113743.50,eS,113818.24,146685,417,L,,,,,,,,,,,,,,,,,,
DCPB,eP,c,113744.63,eS,113818.60,815301,541,L,,,,,,,,,,,,,,,,,,
TSSP,eP,c,113746.21,eS,113818.54,787111,547,L,,,,,,,,,,,,,,,,,,
IPIL,eP,d,113747.63,eS,113822.54,,472,L,,,,,,,,,,,,,,,,,,
LSIP,eP,c,113749.00,eS,113823.71,426479,519,L,,,,,,,,,,,,,,,,,,
GHBP,eP,c,113750.70,eS,113831.22,650713,581,L,,,,,,,,,,,,,,,,,,
SCP,eP,c,113751.51,,,40892360.00,1911.49,L,,,,,,,,,,,,,,,,,,
ZCP,iP,d,113752.04,iS,113825.69,347133.00,257.09,L,,,,,,,,,,,,,,,,,,
TBP,iP,c,113753.67,iS,113834.08,"630,574.0",970.0,L,,,,,,,,,,,,,,,,,,
GLSP,eP,c,113754.72,eS,113835.54,-604677,571,L,,,,,,,,,,,,,,,,,,
SNP,eP,c,113755.33,eS,113844.39,82931.0,898.0,L,,,,,,,,,,,,,,,,,,
TABP,eP,c,113756.68,eS,113829.30,-317516,454,L,,,,,,,,,,,,,,,,,,
MSLP,eP,c,113756.80,eS,113844.78,-11695,484,L,,,,,,,,,,,,,,,,,,
DACP,eP,c,113756.92,eS,113844.57,343182,506,L,,,,,,,,,,,,,,,,,,
LDIP,eP,c,113800.59,eS,113848.76,-227679,435,L,,,,,,,,,,,,,,,,,,
LLP,eP,c,113801.77,eS,113850.48,105541.9,ML5.6,L,,,,,,,,,,,,,,,,,,
GNOP,eP,c,113804.02,eS,113848.49,252465,555,L,,,,,,,,,,,,,,,,,,
CNOP,eP,c,113804.33,eS,113859.31,-360470,557,L,,,,,,,,,,,,,,,,,,
SFCP,eP,c,113804.82,eS,113850.00,307470,559,L,,,,,,,,,,,,,,,,,,
VKCH,eP,c,113806.75,eS,113909.80,-5977,439,L,,,,,,,,,,,,,,,,,,
OCLP,eP,c,113810.91,eS,113908.52,-7394,416,L,,,,,,,,,,,,,,,,,,
PLP,iP,c,113811.06,eS,113906.10,,428.00,L,,,,,,,,,,,,,,,,,,
CADP,eP,c,113812.23,eS,113917.44,339959,484,L,,,,,,,,,,,,,,,,,,
MECP,eP,c,113812.65,eS,113925.77,170914,435,L,,,,,,,,,,,,,,,,,,
GUIM,eP,c,113813.15,eS,113917.99,173094,419,L,,,,,,,,,,,,,,,,,,
BESP,eP,c,113818.25,eS,113923.73,,318,L,,,,,,,,,,,,,,,,,,
JAP,eP,c,113823.72,,,3457.0,485.71,L,,,,,,,,,,,,,,,,,,
RCP,eP,c,113824.96,,,,,T,,,,,,,,,,,,,,,,,,
BTTP,eP,d,113827.13,eS,113931.71,-48227,284,L,,,,,,,,,,,,,,,,,,
CNPS,eP,d,113832.21,eS,113946.29,4702,334,L,,,,,,,,,,,,,,,,,,
MMP,eP,d,113833.09,iS,113913.91,32125.0,224.00,L,,,,,,,,,,,,,,,,,,
IAPS,eP,d,113833.77,,,,523,L,,,,,,,,,,,,,,,,,,
VBIH,eP,c,113834.14,eS,114015.57,-61236,399,T,,,,,,,,,,,,,,,,,,
OTRP,eP,d,113839.37,,,750,346,L,,,,,,,,,,,,,,,,,,
VMAN,eP,c,113841.28,eS,114009.32,117773,464,T,,,,,,,,,,,,,,,,,,
SJMP,eP,c,113844.45,,,825,385,L,,,,,,,,,,,,,,,,,,
SCSP,eP,c,113846.34,eS,114041.53,84787,321,T,,,,,,,,,,,,,,,,,,
PVCP,eP,d,113848.25,eS,114025.31,-173392,530,T,,,,,,,,,,,,,,,,,,
BUSP,eP,d,113849.55,eS,114017.82,-154,289,T,,,,,,,,,,,,,,,,,,
BATP,eP,d,113852.97,eS,114015.91,,235,T,,,,,,,,,,,,,,,,,,
AUQP,eP,c,113855.33,,,-1817,282,L,,,,,,,,,,,,,,,,,,
GQP,eP,c,113856.92,iS,113925.38,1.19E08,355,L,,,,,,,,,,,,,,,,,,
JCNP,eP,c,113858.21,eS,114038.41,47925,364,T,,,,,,,,,,,,,,,,,,
AIQP,eP,c,113901.10,eS,114054.78,-48089,410,T,,,,,,,,,,,,,,,,,,
VTAG,eP,c,113905.62,eS,114100.50,-28897,396,T,,,,,,,,,,,,,,,,,,
LQP,eP,d,113905.73,,,6615,795,L,,,,,,,,,,,,,,,,,,
LBLP,eP,c,113906.40,eS,114058.87,62403,262,T,,,,,,,,,,,,,,,,,,
PAKP,eP,c,113907.86,eS,114051.59,42535,,T,,,,,,,,,,,,,,,,,,
LUBP,eP,c,113908.31,eS,114103.94,39565,365,T,,,,,,,,,,,,,,,,,,
TGY,eP,c,113908.40,,,,,T,,,,,,,,,,,,,,,,,,
TIRP,eP,c,113908.51,eS,114108.63,44867,494,T,,,,,,,,,,,,,,,,,,
MACP,eP,c,113910.65,eS,114104.60,43236,375,T,,,,,,,,,,,,,,,,,,
GNQP,eP,c,113911.60,eS,114054.70,-42907,359,T,,,,,,,,,,,,,,,,,,
POLP,eP,d,113912.07,,,682,137,L,,,,,,,,,,,,,,,,,,
RTBP,eP,c,113917.17,eS,114103.21,27897,480,T,,,,,,,,,,,,,,,,,,
QVPS,eP,c,113918.16,,,-3131,151,L,,,,,,,,,,,,,,,,,,
ABPP,eP,c,113919.15,eS,114114.24,34753,380,T,,,,,,,,,,,,,,,,,,
PCP,eP,d,113927.17,,,,,L,,,,,,,,,,,,,,,,,,
IBZP,eP,c,113929.23,eS,114142.55,41906,471,T,,,,,,,,,,,,,,,,,,
SCZP,eP,c,113937.61,,,1184,230,L,,,,,,,,,,,,,,,,,,
PALP,eP,c,113938.07,,,-619,281,L,,,,,,,,,,,,,,,,,,
CAUP,eP,d,113939.33,,,1142,449,L,,,,,,,,,,,,,,,,,,
BOLP,eP,d,113943.78,,,,236,L,,,,,,,,,,,,,,,,,,
SAMP,eP,c,113944.23,eS,114248.97,-53064,525,T,,,,,,,,,,,,,,,,,,
CVPS,eP,d,113948.59,,,1204,365,L,,,,,,,,,,,,,,,,,,
ABRA,eP,d,113953.52,,,716,347,L,,,,,,,,,,,,,,,,,,
SGCP,eP,c,113956.54,,,,,T,,,,,,,,,,,,,,,,,,
PACP,eP,c,113958.95,eS,114229.56,-26112,,T,,,,,,,,,,,,,,,,,,
SIP,eP,c,114000.28,,,,,L,,,,,,,,,,,,,,,,,,
PIP,eP,c,114006.11,,,,,Tele,,,,,,,,,,,,,,,,,,
CICP,eP,c,114008.56,eS,114320.05,-19357,,T,,,,,,,,,,,,,,,,,,
BBPS,eP,c,114021.55,eS,114404.95,27555,,T,,,,,,,,,,,,,,,,,,
KCP,eP,c,114314.54,iS,114320.67,,44.57,L,,,,,,,,,,,,,,,,,,
DMP,eP,c,114319.63,iS,114326.15,85637.00,85.00,L,,,,,,,,,,,,,,,,,,
KCP,iP,c,114320.49,iS,114324.58,,56.13,L,,,,,,,,,,,,,,,,,,
KCP,iP,c,114437.93,iS,114441.59,,31.44,L,,,,,,,,,,,,,,,,,,
DMP,eP,c,114444.46,,,,,s,,,,,,,,,,,,,,,,,,
KCP,iP,c,114509.31,iS,114513.16,,50.11,L,,,,,,,,,,,,,,,,,,
DMP,eP,c,114512.52,iS,114524.10,93860.00,71.00,L,,,,,,,,,,,,,,,,,,
GSP,iP,c,114518.75,iS,114533.87,,88.00,L,,,,,,,,,,,,,,,,,,
KCP,iP,c,114603.66,iS,114607.55,,33.90,L,,,,,,,,,,,,,,,,,,
KCP,iP,c,114637.79,iS,114641.56,,22.11,L,,,,,,,,,,,,,,,,,,
DMP,eP,c,114643.46,iS,114652.14,77485.00,,sL,,,,,,,,,,,,,,,,,,
KCP,iP,c,114706.11,iS,114711.15,,25.63,L,,,,,,,,,,,,,,,,,,
DMP,eP,c,114712.32,iS,114721.34,39722.00,99.00,L,,,,,,,,,,,,,,,,,,
GSP,iP,c,114716.31,iS,114735.43,,105.00,L,,,,,,,,,,,,,,,,,,
CGP,eP,c,114726.00,iS,114752.14,1465.00,98.00,L,,,,,,,,,,,,,,,,,,
KCP,iP,c,114732.35,iS,114736.40,,65.14,L,,,,,,,,,,,,,,,,,,
DMP,eP,c,114846.23,iS,114904.92,25814.00,111.00,L,,,,,,,,,,,,,,,,,,
KCP,iP,c,114854.59,iS,114858.36,,108.65,L,,,,,,,,,,,,,,,,,,
CGP,eP,c,114917.27,eS,114917.27,422.00,87.00,L,,,,,,,,,,,,,,,,,,
KCP,iP,c,115121.98,iS,115126.45,,24.02,L,,,,,,,,,,,,,,,,,,
DMP,eP,c,115127.92,eS,115152.97,15421.00,100.00,L,,,,,,,,,,,,,,,,,,
KCP,iP,c,115146.63,iS,115150.78,139398.00,76.55,L,,,,,,,,,,,,,,,,,,
CTB,iP,d,115156.59,iS,115208.15,,184.00,L,,,,,,,,,,,,,,,,,,
GSP,iP,d,115156.97,iS,115209.28,,80.00,L,,,,,,,,,,,,,,,,,,
CGP,iP,c,115208.97,iS,115230.32,1164.00,137.00,L,,,,,,,,,,,,,,,,,,
BIP,eP,c,115213.63,eS,115238.44,10963.00,180.00,L,,,,,,,,,,,,,,,,,,
KCP,iP,c,115244.34,,,,37.00,L,,,,,,,,,,,,,,,,,,
PLP,eP,d,115245.95,,,,152.00,L,,,,,,,,,,,,,,,,,,
KCP,iP,c,115307.09,iS,115310.64,,73.56,L,,,,,,,,,,,,,,,,,,
DMP,eP,c,115311.91,iS,115319.68,5289.00,84.00,L,,,,,,,,,,,,,,,,,,
GSP,iP,c,115317.22,iS,115324.73,,101.00,L,,,,,,,,,,,,,,,,,,
KCP,iP,c,115428.70,iS,115432.44,,31.29,L,,,,,,,,,,,,,,,,,,
KCP,iP,c,115512.66,iS,115514.96,,27.43,L,,,,,,,,,,,,,,,,,,
DMP,iP,c,115520.24,iS,115529.59,2035.00,,sL,,,,,,,,,,,,,,,,,,
DMP,iP,c,115553.47,iS,115605.07,12404.00,,sL,,,,,,,,,,,,,,,,,,
DMP,iP,c,115730.78,iS,115739.66,15798.00,74.00,L,,,,,,,,,,,,,,,,,,
CGP,eP,c,115750.65,eS,115812.59,134.00,79.00,L,,,,,,,,,,,,,,,,,,
KCP,iP,c,120021.17,iS,120025.52,33638.00,91.57,L,,,,,,,,,,,,,,,,,,
DMP,iP,c,120025.49,iS,120035.83,6907.00,95.00,L,,,,,,,,,,,,,,,,,,
GSP,iP,c,120031.63,iS,120043.06,,166.00,L,,,,,,,,,,,,,,,,,,
CTB,iP,d,120032.01,iS,120044.11,,86.00,L,,,,,,,,,,,,,,,,,,
CGP,eP,c,120044.95,iS,120105.59,566.00,107.00,L,,,,,,,,,,,,,,,,,,
BIP,eP,c,120050.45,eS,120015.76,,117.00,L,,,,,,,,,,,,,,,,,,
DMP,eP,c,120154.52,,,,,sL,,,,,,,,,,,,,,,,,,
KCP,iP,c,120155.20,iS,120159.24,5219.00,48.59,L,,,,,,,,,,,,,,,,,,
KCP,iP,c,120325.03,iS,120329.85,,40.40,L,,,,,,,,,,,,,,,,,,
DMP,eP,c,120329.27,iS,120338.08,25814.00,,L,,,,,,,,,,,,,,,,,,
GSP,iP,c,120333.71,iS,120346.25,,50.00,L,,,,,,,,,,,,,,,,,,
KCP,eP,d,120405.64,iS,120415.19,,83.30,L,,,,,,,,,,,,,,,,,,
DMP,eP,c,120412.12,eS,120420.32,7305.00,89.00,L,,,,,,,,,,,,,,,,,,
GSP,iP,d,120424.81,,,,72.00,L,,,,,,,,,,,,,,,,,,
CGP,eP,c,120433.57,iS,120500.11,473.00,88.00,L,,,,,,,,,,,,,,,,,,
DMP,eP,c,120556.23,eS,120606.71,3921.00,81.00,L,,,,,,,,,,,,,,,,,,
KCP,iP,c,120559.99,iS,120603.71,,99.50,L,,,,,,,,,,,,,,,,,,
CTB,iP,c,120611.33,iS,120623.12,,67.00,L,,,,,,,,,,,,,,,,,,
GSP,iP,c,120612.05,iS,120627.04,,96.00,L,,,,,,,,,,,,,,,,,,
CGP,eP,c,120623.40,iS,120644.94,563.00,94.00,L,,,,,,,,,,,,,,,,,,
BIP,eP,c,120627.38,eS,120651.42,,FBAQ,L,,,,,,,,,,,,,,,,,,
DMP,eP,c,120738.02,iS,120758.73,17028.00,102.00,L,,,,,,,,,,,,,,,,,,
KCP,iP,c,120739.78,iS,120744.04,,92.46,L,,,,,,,,,,,,,,,,,,
GSP,iP,d,120750.39,iS,120803.57,,116.00,L,,,,,,,,,,,,,,,,,,
CTB,iP,c,120750.67,iS,12080245,,65.00,L,,,,,,,,,,,,,,,,,,
CGP,eP,c,120803.25,iS,120825.18,466.00,111.00,L,,,,,,,,,,,,,,,,,,
BIP,eP,c,120806.47,eS,120830.29,,FBAQ,L,,,,,,,,,,,,,,,,,,
DMP,eP,c,120922.42,iS,120942.64,51069.00,265.00,L,,,,,,,,,,,,,,,,,,
KCP,iP,c,120935.77,iS,120940.09,1681231.00,128.47,L,,,,,,,,,,,,,,,,,,
PICP,eP,c,120939.43,eS,120946.20,2198306,410,L,,,,,,,,,,,,,,,,,,
VGLA,eP,c,120940.38,eS,120950.13,1905177,247,L,,,,,,,,,,,,,,,,,,
GSP,iP,c,120945.71,iS,121005.17,,267.00,L,,,,,,,,,,,,,,,,,,
CTB,eP,d,120946.52,iS,120958.03,,211.00,L,,,,,,,,,,,,,,,,,,
DDMP,eP,c,120949.13,eS,121003.50,-735282,247,L,,,,,,,,,,,,,,,,,,
BUKP,eP,c,120949.87,eS,121005.21,118661,393,L,,,,,,,,,,,,,,,,,,
MATI,eP,d,120952.83,eS,121007.36,-367895,409,L,,,,,,,,,,,,,,,,,,
LCVP,eP,c,120954.87,eS,121013.57,202155,427,L,,,,,,,,,,,,,,,,,,
MARP,eP,c,120955.88,eS,121016.27,-163691,235,L,,,,,,,,,,,,,,,,,,
CGP,iP,c,120959.70,iS,121023.75,60549.00,FBAQ,L,,,,,,,,,,,,,,,,,,
BLNP,eP,c,120959.70,eS,121023.09,-216202,422,L,,,,,,,,,,,,,,,,,,
CDOP,eP,d,121000.77,eS,121024.01,137779,400,L,,,,,,,,,,,,,,,,,,
BIP,eP,c,121003.63,eS,121231.24,Offscale,245.00,L,,,,,,,,,,,,,,,,,,
TASP,eP,c,121004.00,eS,121032.04,-427601,400,L,,,,,,,,,,,,,,,,,,
PAGZ,eP,c,121004.01,eS,121025.22,-143126,438,L,,,,,,,,,,,,,,,,,,
BUTP,eP,c,121009.82,eS,121043.21,-12190,393,L,,,,,,,,,,,,,,,,,,
TSSP,eP,c,121012.13,eS,121043.76,65248,423,L,,,,,,,,,,,,,,,,,,
DCP,iP,d,121012.37,iS,121049.44,,412.89,L,,,,,,,,,,,,,,,,,,
IPIL,eP,d,121013.42,eS,121046.39,-6097,210,L,,,,,,,,,,,,,,,,,,
LSIP,eP,c,121014.36,eS,121052.94,-56380,385,L,,,,,,,,,,,,,,,,,,
GHBP,eP,c,121016.59,eS,121105.80,52105,443,L,,,,,,,,,,,,,,,,,,
ZCP,iP,d,121017.78,iS,121053.37,12658.00,226.05,L,,,,,,,,,,,,,,,,,,
SCP,eP,d,121017.91,,,6581151.00,467.04,L,,,,,,,,,,,,,,,,,,
TBP,eP,c,121018.33,eS,121122.76,57390.0,480.0,L,,,,,,,,,,,,,,,,,,
SNP,eP,d,121020.90,eS,121112.51,9345.0,396.0,L,,,,,,,,,,,,,,,,,,
GLSP,eP,d,121021.61,eS,121057.25,-34745,377,L,,,,,,,,,,,,,,,,,,
DACP,eP,,121021.97,eS,121106.74,38561,464,L,,,,,,,,,,,,,,,,,,
MSLP,eP,c,121022.71,eS,121113.08,1042,357,L,,,,,,,,,,,,,,,,,,
TABP,eP,d,121023.28,eS,121109.07,-31212,388,L,,,,,,,,,,,,,,,,,,
LLP,eP,c,121026.43,eS,121117.09,9679.8,ML=4.8,L,,,,,,,,,,,,,,,,,,
LDIP,eP,c,121026.79,eS,121110.07,,344,L,,,,,,,,,,,,,,,,,,
GNOP,eP,c,121030.11,eS,121119.17,-27130,421,L,,,,,,,,,,,,,,,,,,
CNOP,eP,c,121030.12,eS,121120.89,-31927,393,L,,,,,,,,,,,,,,,,,,
SFCP,eP,c,121030.68,eS,121115.02,,363,L,,,,,,,,,,,,,,,,,,
VKCH,eP,c,121032.11,eS,121124.90,1006,430,L,,,,,,,,,,,,,,,,,,
PLP,eP,d,121036.58,eS,121137.88,,260.00,L,,,,,,,,,,,,,,,,,,
OCLP,eP,c,121037.76,eS,121125.50,,245,L,,,,,,,,,,,,,,,,,,
CADP,eP,c,121038.80,eS,121133.15,-24066,334,L,,,,,,,,,,,,,,,,,,
GUIM,eP,d,121039.59,eS,121140.40,10211,270,L,,,,,,,,,,,,,,,,,,
BESP,eP,c,121043.84,eS,121142.83,,249,L,,,,,,,,,,,,,,,,,,
MECP,eP,c,121044.91,eS,121210.57,-19569,395,T,,,,,,,,,,,,,,,,,,
JAP,eP,c,121048.62,,,497.0,310.15,L,,,,,,,,,,,,,,,,,,
RCP,eP,c,121049.64,,,,,T,,,,,,,,,,,,,,,,,,
BTTP,eP,d,121052.81,eS,121156.60,-7491,267,L,,,,,,,,,,,,,,,,,,
IAPS,eP,d,121058.69,,,,302,L,,,,,,,,,,,,,,,,,,
CNPS,eP,d,121059.09,eS,121208.03,713,309,L,,,,,,,,,,,,,,,,,,
VBIH,eP,c,121103.95,eS,121240.59,,332,T,,,,,,,,,,,,,,,,,,
OTRP,eP,c,121105.41,,,119,251,L,,,,,,,,,,,,,,,,,,
VMAN,eP,c,121111.94,,,,302,L,,,,,,,,,,,,,,,,,,
SJMP,eP,d,121112.19,,,-153,272,L,,,,,,,,,,,,,,,,,,
BUSP,eP,c,121114.79,,,107,195,L,,,,,,,,,,,,,,,,,,
BATP,eP,c,121115.38,eS,121239.53,,247,T,,,,,,,,,,,,,,,,,,
PVCP,eP,c,121115.94,eS,121249.24,,294,T,,,,,,,,,,,,,,,,,,
SCSP,eP,c,121123.34,,,,355,L,,,,,,,,,,,,,,,,,,
GQP,eP,d,121124.06,,,2.39E07,178,L,,,,,,,,,,,,,,,,,,
AUQP,eP,c,121124.17,,,319,,T,,,,,,,,,,,,,,,,,,
JCNP,eP,d,121127.07,,,,265,L,,,,,,,,,,,,,,,,,,
AIQP,eP,c,121129.52,,,,,T,,,,,,,,,,,,,,,,,,
LQP,eP,d,121132.13,,,1189,357.54,L,,,,,,,,,,,,,,,,,,
LBLP,eP,c,121134.83,,,,156,L,,,,,,,,,,,,,,,,,,
PAKP,eP,c,121136.22,,,,,T,,,,,,,,,,,,,,,,,,
LUBP,eP,c,121136.29,,,,,T,,,,,,,,,,,,,,,,,,
POLP,eP,c,121136.83,,,,,T,,,,,,,,,,,,,,,,,,
TIRP,eP,d,121137.15,,,,287,L,,,,,,,,,,,,,,,,,,
VTAG,eP,c,121137.85,,,,,T,,,,,,,,,,,,,,,,,,
GNQP,eP,d,121139.21,,,,,T,,,,,,,,,,,,,,,,,,
RTBP,eP,d,121145.21,,,,228,L,,,,,,,,,,,,,,,,,,
QVPS,eP,c,121145.22,,,,,T,,,,,,,,,,,,,,,,,,
ABPP,eP,d,121145.89,,,,,T,,,,,,,,,,,,,,,,,,
PCPS,eP,c,121153.15,,,,,T,,,,,,,,,,,,,,,,,,
IBZP,eP,c,121158.24,,,,,T,,,,,,,,,,,,,,,,,,
SCZP,eP,c,121204.92,,,,144,L,,,,,,,,,,,,,,,,,,
CAUP,eP,c,121204.99,,,-224,241,L,,,,,,,,,,,,,,,,,,
BOLP,eP,d,121206.56,,,,,T,,,,,,,,,,,,,,,,,,
PALP,eP,c,121207.92,,,,,T,,,,,,,,,,,,,,,,,,
CVPS,eP,c,121213.64,,,275,221,L,,,,,,,,,,,,,,,,,,
SAMP,eP,c,121215.35,,,,262,L,,,,,,,,,,,,,,,,,,
KCP,iP,c,121219.04,iS,121223.17,60184.00,78.37,L,,,,,,,,,,,,,,,,,,
ABRA,eP,c,121225.04,,,,,T,,,,,,,,,,,,,,,,,,
DMP,eP,c,121349.78,yS,121405.22,15211.00,61.00,L,,,,,,,,,,,,,,,,,,
GSP,iP,c,121406.88,,,,125.00,L,,,,,,,,,,,,,,,,,,
CGP,iP,c,121422.85,iS,121443.84,780.00,87.00,L,,,,,,,,,,,,,,,,,,
DMP,eP,c,121652.78,eS,121708.87,7838.00,,L,,,,,,,,,,,,,,,,,,
GSP,iP,c,121704.25,iS,121717.17,,40.00,L,,,,,,,,,,,,,,,,,,
KCP,iP,c,121732.69,iS,121736.40,357895.00,146.40,L,,,,,,,,,,,,,,,,,,
DMP,eP,c,121738.59,eS,121747.13,15943.00,175.00,L,,,,,,,,,,,,,,,,,,
CTB,iP,d,121744.04,iS,121756.09,,63.00,L,,,,,,,,,,,,,,,,,,
CGP,iP,c,121756.49,iS,121817.87,1150.00,FBAQ,L,,,,,,,,,,,,,,,,,,
BIP,eP,c,121801.74,eS,121918.89,7904.00,172.00,L,,,,,,,,,,,,,,,,,,
DCP,iP,d,121809.32,,,,209.69,L,,,,,,,,,,,,,,,,,,
SNP,eP,,121824.69,eS,121921.56,1131.0,205.0,L,,,,,,,,,,,,,,,,,,
KCP,iP,c,121828.20,iS,121831.89,216947.00,89.96,L,,,,,,,,,,,,,,,,,,
LLP,eP,c,121829.28,eS,121921.18,232.0,201.44,L,,,,,,,,,,,,,,,,,,
GSP,iP,d,121836.24,iS,121850.58,,146.00,L,,,,,,,,,,,,,,,,,,
PLP,eP,d,121836.60,eS,121925.56,,203.00,L,,,,,,,,,,,,,,,,,,
CTB,eP,d,121838.60,iS,121850.64,,109.00,L,,,,,,,,,,,,,,,,,,
CGP,eP,d,121851.99,iS,121913.76,2352.00,FBAQ,L,,,,,,,,,,,,,,,,,,
RCP,iP,c,121854.73,,,,,T,,,,,,,,,,,,,,,,,,
ZCP,iP,d,121911.01,iS,121945.94,6674.00,211.36,L,,,,,,,,,,,,,,,,,,
KCP,eP,c,122030.19,iS,122034.54,,34.14,L,,,,,,,,,,,,,,,,,,
DMP,eP,c,122036.56,iS,122110.18,25680.00,214.00,L,,,,,,,,,,,,,,,,,,
KCP,iP,c,122104.79,iS,122110.91,,122.76,L,,,,,,,,,,,,,,,,,,
GSP,iP,d,122114.76,iS,121850.58,,154.00,L,,,,,,,,,,,,,,,,,,
CTB,eP,d,122116.13,iS,122130.55,,112.00,L,,,,,,,,,,,,,,,,,,
CGP,eP,c,122122.90,eS,122152.08,352.00,187.00,L,,,,,,,,,,,,,,,,,,
BIP,eP,c,122133.67,eS,122159.81,10538.00,160.00,L,,,,,,,,,,,,,,,,,,
DCP,iP,d,122142.15,iS,122219.92,,248.57,L,,,,,,,,,,,,,,,,,,
ZCP,iP,c,122147.79,iS,122224.77,6116.00,293.92,L,,,,,,,,,,,,,,,,,,
SCP,eP,d,122150.68,,,596469.00,263.00,L,,,,,,,,,,,,,,,,,,
SNP,eP,,122156.23,eS,122242.57,1651.0,171.0,L,,,,,,,,,,,,,,,,,,
LLP,eP,,122200.20,eS,122253.57,1370.0,248.63,L,,,,,,,,,,,,,,,,,,
PLP,eP,d,122205.23,eS,122303.51,,241.00,L,,,,,,,,,,,,,,,,,,
RCP,iP,c,122229.40,,,,,T,,,,,,,,,,,,,,,,,,
DMP,eP,c,122404.28,eS,122413.33,2462.00,91.00,L,,,,,,,,,,,,,,,,,,
KCP,iP,c,122556.63,iS,122600.30,63058.00,61.11,L,,,,,,,,,,,,,,,,,,
DMP,eP,c,122602.84,iS,122611.05,12494.00,87.00,L,,,,,,,,,,,,,,,,,,
GSP,iP,c,122606.66,iS,122619.22,,92.00,L,,,,,,,,,,,,,,,,,,
CGP,eP,c,122620.19,iS,122641.23,578.00,82.00,L,,,,,,,,,,,,,,,,,,
BIP,eP,d,122624.49,eS,122647.81,,FBAQ,L,,,,,,,,,,,,,,,,,,
KCP,iP,c,122729.17,iS,122734.25,,107.80,L,,,,,,,,,,,,,,,,,,
DMP,eP,c,122734.98,eS,122743.70,2771.00,119.00,L,,,,,,,,,,,,,,,,,,
GSP,iP,d,122739.34,iS,122751.30,,130.00,L,,,,,,,,,,,,,,,,,,
CTB,eP,c,122740.73,iS,122753.33,,121.00,L,,,,,,,,,,,,,,,,,,
CGP,iP,c,122753.81,iS,122816.47,779.00,97.00,L,,,,,,,,,,,,,,,,,,
BIP,eP,c,122755.70,iS,122823.87,2543.00,126.00,L,,,,,,,,,,,,,,,,,,
LLP,eP,,122827.80,eS,122921.27,168.5,216.57,L,,,,,,,,,,,,,,,,,,
PLP,eP,d,122834.25,eS,122930.91,,160.00,L,,,,,,,,,,,,,,,,,,
DMP,eP,c,122943.46,eS,122953.77,2671.00,71.00,L,,,,,,,,,,,,,,,,,,
GSP,iP,c,122950.09,iS,123003.44,,106.00,L,,,,,,,,,,,,,,,,,,
DMP,eP,c,123227.55,eS,123232.84,5674.00,85.00,L,,,,,,,,,,,,,,,,,,
KCP,iP,c,123434.97,iS,123439.04,,95.63,L,,,,,,,,,,,,,,,,,,
DMP,eP,c,123438.78,iS,123448.64,10629.00,134.00,L,,,,,,,,,,,,,,,,,,
GSP,iP,c,123445.58,iS,123458.04,,131.00,L,,,,,,,,,,,,,,,,,,
CTB,iP,c,123446.12,iS,123458.55,,132.00,L,,,,,,,,,,,,,,,,,,
CGP,iP,c,123459.08,iS,123520.86,1695.00,117.00,L,,,,,,,,,,,,,,,,,,
BIP,eP,d,123503.90,eS,123528.12,2716.00,FBAQ,L,,,,,,,,,,,,,,,,,,
SNP,eP,,123522.34,eS,123613.20,542.0,144.0,L,,,,,,,,,,,,,,,,,,
SCP,eP,d,123523.53,,,192000.00,119.07,L,,,,,,,,,,,,,,,,,,
LLP,eP,,123529.44,iS,123624.56,392.3,218.66,L,,,,,,,,,,,,,,,,,,
PLP,eP,d,123536.51,eS,123630.94,,133.00,L,,,,,,,,,,,,,,,,,,
RCP,iP,c,123557.02,,,,,T,,,,,,,,,,,,,,,,,,
KCP,iP,c,123648.45,iS,123653.56,,183.03,L,,,,,,,,,,,,,,,,,,
GSP,iP,d,123657.12,iS,123708.53,,86.00,L,,,,,,,,,,,,,,,,,,
DMP,iP,d,123658.84,iS,123701.51,10797.00,164.00,L,,,,,,,,,,,,,,,,,,
CTB,eP,,123700.17,iS,123713.13,,164.00,L,,,,,,,,,,,,,,,,,,
CGP,iP,c,123712.84,iS,123734.61,1848.00,128.00,L,,,,,,,,,,,,,,,,,,
BIP,iP,d,123715.56,iS,123743.93,3874.00,132.00,L,,,,,,,,,,,,,,,,,,
KCP,eP,c,124011.09,eS,124014.88,,21.03,L,,,,,,,,,,,,,,,,,,
DMP,eP,c,124016.61,eS,124025.48,4115.00,75.00,L,,,,,,,,,,,,,,,,,,
KCP,eP,d,124204.25,iS,124208.55,,50.00,L,,,,,,,,,,,,,,,,,,
KCP,iP,c,124217.95,iS,124221.11,,54.75,L,,,,,,,,,,,,,,,,,,
DMP,eP,c,124219.09,eS,124233.16,5452.00,61.00,L,,,,,,,,,,,,,,,,,,
KCP,eP,c,124312.96,iS,124317.74,,19.42,L,,,,,,,,,,,,,,,,,,
DMP,eP,c,124329.24,iS,124307.07,7580.00,146.00,L,,,,,,,,,,,,,,,,,,
KCP,iP,c,124332.35,iS,124336.60,,56.75,L,,,,,,,,,,,,,,,,,,
GSP,iP,c,124342.61,iS,124354.99,,126.00,L,,,,,,,,,,,,,,,,,,
CTB,eP,d,124343.03,iS,124354.44,,99.00,L,,,,,,,,,,,,,,,,,,
CGP,eP,d,124356.93,eS,124418.26,161.00,78.00,L,,,,,,,,,,,,,,,,,,
BIP,eP,d,124358.28,eS,124431.99,429.00,127.00,L,,,,,,,,,,,,,,,,,,
BIP,eP,c,124400.74,eS,124426.61,,125.00,L,,,,,,,,,,,,,,,,,,
KCP,iP,c,124440.53,iS,124444.93,,37.00,L,,,,,,,,,,,,,,,,,,
KCP,iP,c,124607.01,iS,124610.35,,65.20,L,,,,,,,,,,,,,,,,,,
DMP,eP,c,124608.93,iS,124621.33,3997.00,265.00,sL,,,,,,,,,,,,,,,,,,
KCP,iP,c,124703.40,iS,124706.30,,39.55,L,,,,,,,,,,,,,,,,,,
DMP,eP,c,124714.48,,,1793.00,,sL,,,,,,,,,,,,,,,,,,
KCP,eP,c,124905.99,iS,124909.10,,91.42,L,,,,,,,,,,,,,,,,,,
DMP,eP,c,124911.55,iS,124920.40,1886.00,,sL,,,,,,,,,,,,,,,,,,
KCP,eP,d,124937.68,iS,124940.26,,92.61,L,,,,,,,,,,,,,,,,,,
BIP,eP,d,124941.96,iS,124952.44,2374.00,96.00,L,,,,,,,,,,,,,,,,,,
DMP,1eP,c,124943.36,eS,125002.67,2752.00,71.00,L,,,,,,,,,,,,,,,,,,
SCP,eP,d,124950.75,eS,125008.98,95482.00,53.39,L,,,,,,,,,,,,,,,,,,
PLP,eP,d,125010.33,eS,125043.25,,119.00,L,,,,,,,,,,,,,,,,,,
DMP,eP,c,125153.66,iS,125157.59,232359.00,sL,L,,,,,,,,,,,,,,,,,,
KCP,iP,c,125300.05,iS,125308.93,,63.66,L,,,,,,,,,,,,,,,,,,
DMP,eP,c,125315.17,iS,125325.53,2010.00,56.00,L,,,,,,,,,,,,,,,,,,
KCP,iP,d,125406.59,iS,125410.01,,40.95,L,,,,,,,,,,,,,,,,,,
DMP,eP,c,125413.27,eS,125421.10,1090.00,,sL,,,,,,,,,,,,,,,,,,
KCP,iP,d,125454.19,iS,125458.74,,76.95,L,,,,,,,,,,,,,,,,,,
DMP,eP,c,125508.77,,,,,sL,,,,,,,,,,,,,,,,,,
KCP,iP,d,125615.49,iS,125618.41,,13.40,L,,,,,,,,,,,,,,,,,,
KCP,eP,d,125628.94,iS,125633.03,,51.13,L,,,,,,,,,,,,,,,,,,
DMP,iP,d,125630.54,iS,125641.80,5246.00,64.00,L,,,,,,,,,,,,,,,,,,
KCP,iP,c,125728.99,iS,125732.59,,62.10,L,,,,,,,,,,,,,,,,,,
DMP,eP,c,125735.36,eS,125744.12,2552.00,82.00,L,,,,,,,,,,,,,,,,,,
KCP,iP,c,125836.82,iS,125840.21,,58.20,L,,,,,,,,,,,,,,,,,,
DMP,eP,c,125842.71,eS,125851.10,6435.00,130.00,L,,,,,,,,,,,,,,,,,,
GSP,iP,c,125846.55,iS,125859.49,,128.00,L,,,,,,,,,,,,,,,,,,
CTB,iP,d,125847.06,iS,125857.16,,150.00,L,,,,,,,,,,,,,,,,,,
CGP,eP,d,125900.36,eS,125923.32,362.00,87.00,L,,,,,,,,,,,,,,,,,,
BIP,eP,d,125907.50,eS,125933.06,,120.00,L,,,,,,,,,,,,,,,,,,
KCP,iP,d,130053.89,iS,130056.84,,67.08,L,,,,,,,,,,,,,,,,,,
KCP,iP,c,130101.06,iS,130105.43,,78.60,L,,,,,,,,,,,,,,,,,,
DMP,oP,d,130107.48,iS,130115.60,10379.00,75.00,L,,,,,,,,,,,,,,,,,,
GSP,iP,d,130111.56,iS,130126.21,,149.00,L,,,,,,,,,,,,,,,,,,
CTB,eP,d,130112.01,iS,130124.27,,97.00,L,,,,,,,,,,,,,,,,,,
CGP,eP,d,130127.30,iS,130147.15,794.00,96.00,L,,,,,,,,,,,,,,,,,,
BIP,eP,c,130129.93,eS,130158.83,1987.00,126.00,L,,,,,,,,,,,,,,,,,,
PLP,eP,c,130204.81,eS,130302.86,,154.00,L,,,,,,,,,,,,,,,,,,
KCP,eP,d,130208.89,iS,130212.42,,35.48,L,,,,,,,,,,,,,,,,,,
DMP,eP,c,130223.99,,,,,sL,,,,,,,,,,,,,,,,,,
KCP,iP,d,130321.75,iS,130325.02,,53.70,L,,,,,,,,,,,,,,,,,,
KCP,iP,c,130417.74,iS,130421.00,,82.68,L,,,,,,,,,,,,,,,,,,
DMP,iP,d,130423.19,iS,130431.55,6768.00,102.00,L,,,,,,,,,,,,,,,,,,
GSP,iP,c,130427.22,iS,130439.51,,120.00,L,,,,,,,,,,,,,,,,,,
CTB,eP,c,130429.08,iS,130438.86,,63.00,L,,,,,,,,,,,,,,,,,,
BIP,eP,d,130446.16,eS,130511.41,,102.00,L,,,,,,,,,,,,,,,,,,
KCP,iP,c,130640.94,iS,130644.46,,20.55,L,,,,,,,,,,,,,,,,,,
DMP,eP,c,130646.27,eS,130655.03,1884.00,,L,,,,,,,,,,,,,,,,,,
KCP,iP,c,130701.19,iS,130707.66,,45.56,L,,,,,,,,,,,,,,,,,,
KCP,iP,c,131000.21,iS,131003.67,,58.64,L,,,,,,,,,,,,,,,,,,
DMP,eP,c,131006.57,esS,131055.72,11413.00,94.00,L,,,,,,,,,,,,,,,,,,
CTB,eP,c,131010.81,iS,131021.94,,69.00,L,,,,,,,,,,,,,,,,,,
GSP,iP,c,131010.87,iS,131022.93,,97.00,L,,,,,,,,,,,,,,,,,,
BIP,eP,c,131028.89,eS,131054.86,,FBAQ,L,,,,,,,,,,,,,,,,,,
KCP,iP,c,131137.70,iS,131141.15,,92.64,L,,,,,,,,,,,,,,,,,,
DMP,eP,c,131142.67,eS,131152.05,11287.00,126.00,L,,,,,,,,,,,,,,,,,,
GSP,iP,c,131147.67,,,,139.00,L,,,,,,,,,,,,,,,,,,
CTB,eP,c,131148.80,iS,131158.51,,106.00,L,,,,,,,,,,,,,,,,,,
BIP,eP,c,131204.77,eS,131231.37,962.00,139.00,L,,,,,,,,,,,,,,,,,,
DMP,eP,c,131407.72,,,,,sL,,,,,,,,,,,,,,,,,,
KCP,iP,c,131459.27,iS,131502.77,,96.56,L,,,,,,,,,,,,,,,,,,
DMP,eP,c,131505.43,eS,131513.96,4885.00,128.00,L,,,,,,,,,,,,,,,,,,
GSP,iP,d,131510.01,iS,131521.87,,112.00,L,,,,,,,,,,,,,,,,,,
CTB,eP,c,131510.05,iS,131519.12,,71.00,L,,,,,,,,,,,,,,,,,,
BIP,eP,c,131526.96,eS,131553.68,,109.00,L,,,,,,,,,,,,,,,,,,
KCP,eP,c,131717.36,iS,131720.46,,53.52,L,,,,,,,,,,,,,,,,,,
DMP,eP,c,131728.73,iS,131732.48,1331.00,59.00,L,,,,,,,,,,,,,,,,,,
KCP,iP,c,132136.86,iS,132140.74,,94.60,L,,,,,,,,,,,,,,,,,,
DMP,iP,d,132314.90,iS,132323.40,6526.00,79.00,L,,,,,,,,,,,,,,,,,,
KCP,iP,c,132452.47,iS,132456.62,,116.67,L,,,,,,,,,,,,,,,,,,
DMP,iP,d,132458.63,iS,132506.65,92789.00,258.00,L,,,,,,,,,,,,,,,,,,
GSP,iP,c,132502.16,iS,132515.73,,180.00,L,,,,,,,,,,,,,,,,,,
CTB,iP,d,132503.53,iS,132515.99,,164.00,L,,,,,,,,,,,,,,,,,,
BIP,eP,d,132519.36,eS,132546.48,6320.00,163.00,L,,,,,,,,,,,,,,,,,,
DCP,iP,d,132528.10,iS,132610.07,,327.41,L,,,,,,,,,,,,,,,,,,
SCP,eP,d,132532.56,,,316496.00,197.30,L,,,,,,,,,,,,,,,,,,
ZCP,iP,c,132535.76,eS,132610.93,2219.00,125.00,L,,,,,,,,,,,,,,,,,,
TBP,eP,,132538.12,eS,132617.05,1290.0,240.0,L,,,,,,,,,,,,,,,,,,
SNP,eP,,132543.11,eS,132629.34,557.0,159.0,L,,,,,,,,,,,,,,,,,,
LLP,eP,c,132550.34,iS,132643.08,609.9,235.32,L,,,,,,,,,,,,,,,,,,
PLP,eP,c,132555.98,eS,132655.99,,229.00,L,,,,,,,,,,,,,,,,,,
RCP,eP,c,132610.92,,,,,T,,,,,,,,,,,,,,,,,,
DMP,eP,c,132956.00,iS,133004.50,1744.00,50.00,L,,,,,,,,,,,,,,,,,,
DMP,eP,c,133234.90,eS,133241.59,11221.00,77.00,L,,,,,,,,,,,,,,,,,,
DMP,eP,c,133501.06,eS,133514.30,9195.00,176.00,L,,,,,,,,,,,,,,,,,,
KCP,iP,c,133507.64,iS,133511.20,,56.49,L,,,,,,,,,,,,,,,,,,
GSP,iP,d,133518.49,,,,188.00,L,,,,,,,,,,,,,,,,,,
CTB,iP,d,133518.84,iS,133530.79,,113.00,L,,,,,,,,,,,,,,,,,,
CGP,iP,c,133531.83,iS,133552.57,1431.00,157.00,L,,,,,,,,,,,,,,,,,,
BIP,eP,d,133537.08,iS,133602.74,1953.00,168.00,L,,,,,,,,,,,,,,,,,,
DCP,iP,d,133545.15,iS,133617.27,,161.74,L,,,,,,,,,,,,,,,,,,
TBP,eP,,133556.81,eS,133657.81,1466.0,300.0,L,,,,,,,,,,,,,,,,,,
SCP,eP,c,133559.01,,,85196.00,152.66,L,,,,,,,,,,,,,,,,,,
LLP,eP,,133601.57,eS,133659.42,181.2,237.73,L,,,,,,,,,,,,,,,,,,
PLP,eP,c,133612.16,eS,133710.69,,149.00,L,,,,,,,,,,,,,,,,,,
RCP,iP,c,133629.80,,,,,T,,,,,,,,,,,,,,,,,,
KCP,iP,c,134201.73,iS,134207.26,,165.45,L,,,,,,,,,,,,,,,,,,
DMP,eP,c,134208.45,eS,134216.73,90865.00,104.00,L,,,,,,,,,,,,,,,,,,
GSP,eP,d,134212.54,iS,134225.51,,157.00,L,,,,,,,,,,,,,,,,,,
CTB,iP,d,134214.04,iS,134226.89,,94.00,L,,,,,,,,,,,,,,,,,,
CGP,iP,c,134226.88,iS,134248.80,1436.00,132.00,L,,,,,,,,,,,,,,,,,,
BIP,eP,d,134231.69,eS,134257.01,1791.00,163.00,L,,,,,,,,,,,,,,,,,,
DCP,iP,d,134238.43,iS,134113.22,,185.94,L,,,,,,,,,,,,,,,,,,
ZCP,eP,c,134245.03,eS,134317.94,1245.00,100.00,L,,,,,,,,,,,,,,,,,,
SCP,eP,d,134245.86,,,86980.00,177.89,L,,,,,,,,,,,,,,,,,,
TBP,eP,,134246.97,iS,134339.58,,,sL,,,,,,,,,,,,,,,,,,
SNP,eP,,134250.68,,,,,sL,,,,,,,,,,,,,,,,,,
LLP,eP,,134301.05,eS,134346.45,181.5,182.50,L,,,,,,,,,,,,,,,,,,
PLP,eP,c,134303.36,eS,134402.68,,176.00,L,,,,,,,,,,,,,,,,,,
RCP,eP,c,134324.33,,,,,T,,,,,,,,,,,,,,,,,,
KCP,iP,c,134641.09,iS,134645.08,,98.60,L,,,,,,,,,,,,,,,,,,
KCP,eP,c,134911.50,iS,134916.50,,49.59,L,,,,,,,,,,,,,,,,,,
KCP,iP,c,135133.52,iS,135137.69,,71.50,L,,,,,,,,,,,,,,,,,,
DMP,eP,c,135138.91,eS,135147.03,8000.00,83.00,L,,,,,,,,,,,,,,,,,,
GSP,iP,c,135144.54,iS,135155.58,,92.00,L,,,,,,,,,,,,,,,,,,
CGP,iP,c,135157.47,iS,135218.65,744.00,89.00,L,,,,,,,,,,,,,,,,,,
BIP,eP,c,135200.30,eS,135224.98,,109.00,L,,,,,,,,,,,,,,,,,,
KCP,iP,d,135550.83,iS,135554.74,,52.75,L,,,,,,,,,,,,,,,,,,
KCP,iP,c,135624.75,iS,135629.44,,69.50,L,,,,,,,,,,,,,,,,,,
KCP,iP,c,140021.41,iS,140026.19,,34.29,L,,,,,,,,,,,,,,,,,,
KCP,iP,c,140417.66,iS,140421.45,,24.98,L,,,,,,,,,,,,,,,,,,
KCP,iP,c,140758.17,iS,140801.86,,18.90,L,,,,,,,,,,,,,,,,,,
KCP,iP,c,140951.00,iS,140955.09,,68.29,L,,,,,,,,,,,,,,,,,,
GSP,iP,d,141009.11,iS,141021.99,,177.00,L,,,,,,,,,,,,,,,,,,
CTB,eP,d,141010.80,iS,141025.07,,217.00,L,,,,,,,,,,,,,,,,,,
CGP,eP,d,141023.38,eS,141045.60,157.00,113.00,L,,,,,,,,,,,,,,,,,,
DCP,iP,c,141039.39,iS,141116.42,,182.08,L,,,,,,,,,,,,,,,,,,
SCP,eP,d,141049.27,,,52252.00,124.15,L,,,,,,,,,,,,,,,,,,
DMP,iP,d,141101.91,eS,141111.08,2684.00,,sL,,,,,,,,,,,,,,,,,,
TBP,eP,,141101.97,,,,,sL,,,,,,,,,,,,,,,,,,
KCP,iP,c,141209.38,iS,141212.72,,90.27,L,,,,,,,,,,,,,,,,,,
MMP,iP,d,141230.24,iS,141231.88,1.05e5,68.00,L,,,,,,,,,,,,,,,,,,
RCP,eP,c,141250.89,iS,141307.88,,91,L,,,,,,,,,,,,,,,,,,
PLP,eP,c,141258.83,eS,141319.59,,91.00,L,,,,,,,,,,,,,,,,,,
KCP,iP,c,141526.18,iS,151531.75,,136.34,L,,,,,,,,,,,,,,,,,,
KCP,iP,c,141917.42,iS,141921.13,,58.86,L,,,,,,,,,,,,,,,,,,
KCP,eP,c,142240.37,iS,142243.45,,14.30,L,,,,,,,,,,,,,,,,,,
BIP,eP,d,142313.95,eS,142440.39,,97.00,L,,,,,,,,,,,,,,,,,,
KCP,iP,c,142346.08,iS,142350.02,,86.20,L,,,,,,,,,,,,,,,,,,
GSP,iP,c,142350.59,iS,142400.15,,128.00,L,,,,,,,,,,,,,,,,,,
KCP,iP,c,142606.59,iS,140610.83,,8.43,L,,,,,,,,,,,,,,,,,,
GSP,iP,d,142613.87,iS,142907.60,,77.00,L,,,,,,,,,,,,,,,,,,
KCP,iP,c,142615.17,iS,142619.08,,81.40,L,,,,,,,,,,,,,,,,,,
LQP,eP,d,142839.53,,,,,sL,,,,,,,,,,,,,,,,,,
KCP,iP,c,142844.66,iS,142848.86,,65.00,L,,,,,,,,,,,,,,,,,,
DMP,eP,c,142850.07,eS,142858.00,12851.00,62.00,L,,,,,,,,,,,,,,,,,,
GSP,eP,c,142854.80,iS,122907.60,,128.00,L,,,,,,,,,,,,,,,,,,
CTB,iP,d,142855.71,iS,142908.25,,65.00,L,,,,,,,,,,,,,,,,,,
CGP,eP,d,142909.44,eS,142930.62,413.00,97.00,L,,,,,,,,,,,,,,,,,,
BIP,eP,d,142913.93,eS,142938.14,928.00,115.00,L,,,,,,,,,,,,,,,,,,
DCP,iP,d,142925.59,iS,143003.13,,156.78,L,,,,,,,,,,,,,,,,,,
KCP,iP,c,142950.06,iS,142953.87,,48.53,L,,,,,,,,,,,,,,,,,,
DMP,eP,c,142955.93,,,,,sL,,,,,,,,,,,,,,,,,,
KCP,iP,c,143111.88,iS,143115.95,,78.01,L,,,,,,,,,,,,,,,,,,
KCP,iP,c,143324.30,iS,143327.56,,22.57,L,,,,,,,,,,,,,,,,,,
KCP,iP,c,143347.45,iS,143351.48,,56.37,L,,,,,,,,,,,,,,,,,,
DCP,iP,c,143354.79,,,,,sL,,,,,,,,,,,,,,,,,,
KCP,iP,c,143455.41,iS,143459.23,,33.91,L,,,,,,,,,,,,,,,,,,
KCP,iP,c,143618.47,iS,143621.86,,64.13,L,,,,,,,,,,,,,,,,,,
KCP,iP,c,143622.49,,,,142.03,L,,,,,,,,,,,,,,,,,,
PLP,eP,c,143809.76,eS,143831.42,,100.00,L,,,,,,,,,,,,,,,,,,
KCP,iP,c,144129.42,iS,144133.63,,92.44,L,,,,,,,,,,,,,,,,,,
DMP,eP,c,144135.86,eS,144144.39,9666.00,255.00,L,,,,,,,,,,,,,,,,,,
GSP,eP,c,144140.13,iS,144153.68,,238.00,L,,,,,,,,,,,,,,,,,,
CTB,iP,d,144140.80,iS,144152.99,,133.00,L,,,,,,,,,,,,,,,,,,
CGP,iP,c,144153.33,iS,144216.00,1119.00,182.00,L,,,,,,,,,,,,,,,,,,
BIP,eP,c,144157.46,eS,144226.26,4102.00,189.00,L,,,,,,,,,,,,,,,,,,
DCP,iP,c,144210.05,iS,144239.26,,357.73,L,,,,,,,,,,,,,,,,,,
ZCP,eP,c,144213.09,eS,144250.13,1541.00,80.00,L,,,,,,,,,,,,,,,,,,
SCP,eP,c,144215.83,,,197089.00,138.53,L,,,,,,,,,,,,,,,,,,
TBP,eP,,144216.96,eS,144216.43,,,sL,,,,,,,,,,,,,,,,,,
SNP,eP,,144221.18,eS,144306.77,486.0,155.0,L,,,,,,,,,,,,,,,,,,
LLP,eP,,144225.57,iS,144320.07,427.9,234.65,L,,,,,,,,,,,,,,,,,,
PLP,eP,c,144231.35,eS,144333.59,,217.00,L,,,,,,,,,,,,,,,,,,
RCP,eP,c,144250.55,,,,,T,,,,,,,,,,,,,,,,,,
KCP,iP,c,144802.73,iS,144806.96,,45.85,L,,,,,,,,,,,,,,,,,,
KCP,iP,c,144848.92,iS,144853.86,,48.00,L,,,,,,,,,,,,,,,,,,
KCP,iP,c,145018.83,iS,145023.86,,49.00,L,,,,,,,,,,,,,,,,,,
KCP,iP,c,145108.59,iS,145112.76,,51.41,L,,,,,,,,,,,,,,,,,,
DMP,eP,c,145114.75,eS,145123.06,3119.00,45.00,L,,,,,,,,,,,,,,,,,,
KCP,iP,c,145203.20,iS,145206.88,,76.57,L,,,,,,,,,,,,,,,,,,
DMP,eP,c,145208.79,eS,145215.90,16010.00,101.00,L,,,,,,,,,,,,,,,,,,
GSP,iP,c,145213.24,iS,145224.73,,155.00,L,,,,,,,,,,,,,,,,,,
CGP,eP,d,145227.76,eS,145249.98,263.00,98.00,L,,,,,,,,,,,,,,,,,,
KCP,iP,c,145322.14,iS,145326.44,,63.78,L,,,,,,,,,,,,,,,,,,
KCP,iP,c,145428.08,iS,145431.89,,19.44,L,,,,,,,,,,,,,,,,,,
KCP,iP,c,150727.81,iS,150731.21,,20.95,L,,,,,,,,,,,,,,,,,,
DMP,iP,d,150732.84,,,,FBAQ,L,,,,,,,,,,,,,,,,,,
CTB,eP,d,150739.52,iS,150753,,124.00,L,,,,,,,,,,,,,,,,,,
KCP,iP,c,150749.12,iS,150753.56,,40.75,L,,,,,,,,,,,,,,,,,,
DMP,eP,d,151007.41,eS,151018.41,23688.00,FBAQ,L,,,,,,,,,,,,,,,,,,
KCP,iP,c,151012.06,iS,151015.85,,34.15,L,,,,,,,,,,,,,,,,,,
CTB,iP,d,151022.45,iS,151033.88,,168.00,L,,,,,,,,,,,,,,,,,,
CGP,iP,c,151035.31,iS,151056.04,1787.00,167.00,L,,,,,,,,,,,,,,,,,,
BIP,eP,c,151039.58,eS,151004.89,3588.00,147.00,L,,,,,,,,,,,,,,,,,,
KCP,iP,c,151046.91,iS,151050.7,,73.03,L,,,,,,,,,,,,,,,,,,
DCP,iP,d,151048.24,iS,151116.87,,203.92,L,,,,,,,,,,,,,,,,,,
DMP,eP,c,151052.82,eS,151102.05,24180.00,115.00,L,,,,,,,,,,,,,,,,,,
ZCP,eP,c,151054.55,eS,151129.05,1281.00,104.00,L,,,,,,,,,,,,,,,,,,
SCP,eP,d,151054.61,,,101800.00,202.00,L,,,,,,,,,,,,,,,,,,
TBP,eP,,151104.70,,,,,sL,,,,,,,,,,,,,,,,,,
PLP,eP,c,151112.52,eS,151215.69,,138.00,L,,,,,,,,,,,,,,,,,,
LLP,eP,,151114.42,iS,151206.74,233.2,202.46,L,,,,,,,,,,,,,,,,,,
RCP,eP,c,151129.98,,,,,T,,,,,,,,,,,,,,,,,,
KCP,iP,c,151408.76,iS,151411.48,,55.32,L,,,,,,,,,,,,,,,,,,
KCP,iP,c,151508.41,iS,151529.18,,53.48,L,,,,,,,,,,,,,,,,,,
PLP,eP,c,151556.73,eS,151629.50,,116.00,L,,,,,,,,,,,,,,,,,,
KCP,iP,c,151953.27,iS,151957.39,,23.03,L,,,,,,,,,,,,,,,,,,
KCP,iP,c,152015.44,iS,152019.29,,60.20,L,,,,,,,,,,,,,,,,,,
KCP,iP,c,152123.96,iS,152128.37,,70.87,L,,,,,,,,,,,,,,,,,,
KCP,iP,c,152329.33,iS,152333.81,,97.25,L,,,,,,,,,,,,,,,,,,
KCP,iP,c,152448.60,iS,152432.58,,62.50,L,,,,,,,,,,,,,,,,,,
KCP,iP,c,152509.74,eS,152513.83,,54.29,L,,,,,,,,,,,,,,,,,,
KCP,iP,c,152923.25,iS,152927.5,,90.83,L,,,,,,,,,,,,,,,,,,
KCP,iP,c,153532.23,iS,153537.64,,47.57,L,,,,,,,,,,,,,,,,,,
KCP,iP,c,153620.66,iS,153625.02,,143.83,L,,,,,,,,,,,,,,,,,,
CTB,eP,d,153632.18,iS,153644.87,,180.00,L,,,,,,,,,,,,,,,,,,
CGP,eP,d,153645.16,eS,153707.23,227.00,84.00,L,,,,,,,,,,,,,,,,,,
KCP,ep,d,154145.33,iS,154149.36,,62.46,L,,,,,,,,,,,,,,,,,,
KCP,iP,c,154256.61,iS,154301.03,,83.68,L,,,,,,,,,,,,,,,,,,
KCP,iP,c,154313.06,iS,154317.37,,30.98,L,,,,,,,,,,,,,,,,,,
KCP,iP,c,154636.72,iS,154639.76,,65.01,L,,,,,,,,,,,,,,,,,,
KCP,eP,c,154740.24,iS,154745.24,,45.60,L,,,,,,,,,,,,,,,,,,
KCP,eP,c,154803.83,iS,154807.54,,56.75,L,,,,,,,,,,,,,,,,,,
KCP,iP,c,154933.43,iS,154937.39,,84.09,L,,,,,,,,,,,,,,,,,,
KCP,iP,c,155058.61,iS,155102.48,,18.81,L,,,,,,,,,,,,,,,,,,
KCP,iP,c,155218.06,iS,155221.86,,146.23,L,,,,,,,,,,,,,,,,,,
DMP,eP,c,155221.01,eS,155230.81,7519.00,63.00,L,,,,,,,,,,,,,,,,,,
DCP,iP,d,155225.,21,iS,155340.15,,144.60,L,,,,,,,,,,,,,,,,,
CTB,iP,d,155228.80,iS,155240.46,,118.00,L,,,,,,,,,,,,,,,,,,
CGP,eP,d,155242.06,eS,155306.79,226.00,83.00,L,,,,,,,,,,,,,,,,,,
BIP,eP,c,155247.47,eS,155315.36,,80.00,L,,,,,,,,,,,,,,,,,,
KCP,iP,c,155447.10,iS,155450.82,,17.95,L,,,,,,,,,,,,,,,,,,
KCP,iP,c,155505.54,iS,155510.19,,51.65,L,,,,,,,,,,,,,,,,,,
KCP,iP,c,155645.43,iS,155649.32,,78.54,L,,,,,,,,,,,,,,,,,,
KCP,iP,c,155725.69,iS,152729.35,,114.57,L,,,,,,,,,,,,,,,,,,
KCP,iP,c,160714.86,iS,160718.77,,132.84,L,,,,,,,,,,,,,,,,,,
DMP,eP,c,160719.57,eS,160728.68,2358.00,46.00,L,,,,,,,,,,,,,,,,,,
GSP,iP,d,160945.05,iS,160951.61,,81.00,L,,,,,,,,,,,,,,,,,,
KCP,iP,c,160954.43,iS,160958.39,,60.60,L,,,,,,,,,,,,,,,,,,
KCP,iP,c,161058.23,iS,161101.57,,66.92,L,,,,,,,,,,,,,,,,,,
KCP,iP,c,161100.38,iS,161104.81,,68.05,L,,,,,,,,,,,,,,,,,,
DCP,iP,d,161727.78,,,,,SL,,,,,,,,,,,,,,,,,,
KCP,iP,c,161946.82,iS,161950.06,,29.08,L,,,,,,,,,,,,,,,,,,
KCP,iP,d,162105.54,iS,162109.55,,151.64,L,,,,,,,,,,,,,,,,,,
DMP,eP,c,162110.51,eS,162118.56,3322.00,94.00,L,,,,,,,,,,,,,,,,,,
GSP,iP,c,162115.88,iS,162127.78,,81.00,L,,,,,,,,,,,,,,,,,,
CTB,eP,d,162120.03,iS,162129.75,,45.00,L,,,,,,,,,,,,,,,,,,
RCP,iP,c,162300.58,,,,,T,,,,,,,,,,,,,,,,,,
KCP,iP,c,162339.37,iS,162344.24,,74.53,L,,,,,,,,,,,,,,,,,,
KCP,iP,c,162850.23,iS,162854.28,,47.77,L,,,,,,,,,,,,,,,,,,
DMP,eP,c,162855.71,eS,162903.00,,,sL,,,,,,,,,,,,,,,,,,
DMP,eP,c,162949.13,eS,162956.03,2035.00,58.00,L,,,,,,,,,,,,,,,,,,
KCP,iP,c,163118.25,iS,163122.68,,27.66,L,,,,,,,,,,,,,,,,,,
DMP,eP,c,163124.69,,,,,sL,,,,,,,,,,,,,,,,,,
KCP,iP,c,163147.28,iS,163151.39,,42.89,L,,,,,,,,,,,,,,,,,,
KCP,iP,c,163332.33,iS,163336.48,,46.08,L,,,,,,,,,,,,,,,,,,
KCP,iP,c,163545.37,iS,163549.31,,63.48,L,,,,,,,,,,,,,,,,,,
DMP,eP,c,163550.91,eS,163600.10,1518.00,72.00,L,,,,,,,,,,,,,,,,,,
GSP,iP,c,163555.58,iS,163608.58,,87.00,L,,,,,,,,,,,,,,,,,,
KCP,iP,d,163750.28,iS,163754.40,,41.11,L,,,,,,,,,,,,,,,,,,
DMP,iP,c,163756.03,iS,163803.41,1131.00,56.00,L,,,,,,,,,,,,,,,,,,
KCP,iP,c,164006.43,iS,164010.33,,46.01,L,,,,,,,,,,,,,,,,,,
GQP,eP,d,164327.38,,,1.26E07,,L,,,,,,,,,,,,,,,,,,
LQP,eP,d,164339.63,eS,164351.8,151,90.57,L,,,,,,,,,,,,,,,,,,
KCP,iP,c,165120.29,iS,165124.15,,13.03,L,,,,,,,,,,,,,,,,,,
KCP,iP,c,165227.19,iS,165231.05,,58.35,L,,,,,,,,,,,,,,,,,,
DMP,eP,c,165231.65,eS,165241.94,1920.00,119.00,L,,,,,,,,,,,,,,,,,,
GSP,iP,d,165238.87,iS,165251.97,,186.00,L,,,,,,,,,,,,,,,,,,
CGP,eP,c,165251.46,eS,165313.98,437.00,99.00,L,,,,,,,,,,,,,,,,,,
BIP,eP,c,165256.29,eS,165324.36,,115.00,L,,,,,,,,,,,,,,,,,,
KCP,iP,c,165326.26,iS,165330.64,,60.68,L,,,,,,,,,,,,,,,,,,
GSP,iP,c,165341.02,iS,165251.97,,186.00,L,,,,,,,,,,,,,,,,,,
KCP,iP,d,165429.01,iS,165431.16,,64.57,L,,,,,,,,,,,,,,,,,,
DMP,eP,c,165432.80,eS,165442.90,,,sL,,,,,,,,,,,,,,,,,,
KCP,iP,c,165630.34,iS,165333.94,,81.94,L,,,,,,,,,,,,,,,,,,
DMP,eP,c,165636.32,eS,165645.80,17630.00,122.00,L,,,,,,,,,,,,,,,,,,
GSP,iP,c,165641.02,iS,165653.55,,163.00,L,,,,,,,,,,,,,,,,,,
CGP,eP,d,165654.69,iS,165717.06,635.00,86.00,L,,,,,,,,,,,,,,,,,,
BIP,eP,c,165659.24,eS,165727.36,,113.00,L,,,,,,,,,,,,,,,,,,
KCP,iP,c,170133.43,iS,170137.26,,75.13,L,,,,,,,,,,,,,,,,,,
DMP,eP,c,170134.94,iS,170144.08,1087.00,85.00,L,,,,,,,,,,,,,,,,,,
GSP,iP,c,170143.90,iS,170156.25,,109.00,L,,,,,,,,,,,,,,,,,,
CTB,iP,c,170144.17,iS,170155.01,,115.26,L,,,,,,,,,,,,,,,,,,
KCP,iP,c,170543.93,iS,170548.29,,108.20,L,,,,,,,,,,,,,,,,,,
DMP,eP,c,170550.86,eS,170559.03,1795.00,,sL,,,,,,,,,,,,,,,,,,
GSP,iP,c,170632.86,iS,170658.51,,125.00,L,,,,,,,,,,,,,,,,,,
BIP,eP,c,170642.74,eS,170715.77,,114.00,L,,,,,,,,,,,,,,,,,,
DMP,eP,c,170657.75,,,,,sL,,,,,,,,,,,,,,,,,,
KCP,iP,c,170909.75,iS,170914.18,,86.62,L,,,,,,,,,,,,,,,,,,
DMP,eP,c,170920.30,eS,170930.59,1313.00,,L,,,,,,,,,,,,,,,,,,
CTB,iP,c,170921.66,iS,170935.15,,79.24,L,,,,,,,,,,,,,,,,,,
DMP,eP,c,171336.74,eS,171413.08,2739.00,82.00,L,,,,,,,,,,,,,,,,,,
KCP,iP,c,171340.94,iS,171345.88,,17.30,L,,,,,,,,,,,,,,,,,,
KCP,iP,c,171358.39,iS,171402.29,,54.90,L,,,,,,,,,,,,,,,,,,
CTB,iP,d,171409.32,iS,171421.08,,54.62,L,,,,,,,,,,,,,,,,,,
GSP,iP,c,171409.69,iS,171421.41,,54.00,L,,,,,,,,,,,,,,,,,,
BIP,iP,d,171426.68,eS,171548.53,,163.00,L,,,,,,,,,,,,,,,,,,
KCP,iP,c,171453.80,iS,171457.47,,47.35,L,,,,,,,,,,,,,,,,,,
DMP,eP,c,171500.43,iS,171508.15,1978.00,107.00,L,,,,,,,,,,,,,,,,,,
CTB,iP,d,171504.54,iS,171516.37,,100.86,L,,,,,,,,,,,,,,,,,,
CGP,eP,c,171517.05,eS,171537.93,218.00,82.00,L,,,,,,,,,,,,,,,,,,
DMP,eP,c,171710.25,eS,171715.47,1776.00,,sL,,,,,,,,,,,,,,,,,,
KCP,iP,c,171950.96,iS,171955.02,,44.79,L,,,,,,,,,,,,,,,,,,
DMP,eP,c,172055.39,eS,172105.28,2614.00,,L,,,,,,,,,,,,,,,,,,
KCP,iP,c,172206.18,iS,172210.44,,52.53,L,,,,,,,,,,,,,,,,,,
CTB,iP,c,172218.72,,,,109.98,L,,,,,,,,,,,,,,,,,,
BIP,eP,d,172233.06,eS,172300.68,,105.00,L,,,,,,,,,,,,,,,,,,
KCP,iP,c,172301.69,iS,172305.4,,33.16,L,,,,,,,,,,,,,,,,,,
KCP,iP,c,173357.09,iS,173401.53,,97.38,L,,,,,,,,,,,,,,,,,,
KCP,iP,c,173727.10,iS,173731.21,,143.69,L,,,,,,,,,,,,,,,,,,
DMP,eP,c,173731.22,eS,173742.36,8005.00,167.00,L,,,,,,,,,,,,,,,,,,
CTB,iP,d,173738.22,iS,173750.24,,129.25,L,,,,,,,,,,,,,,,,,,
CGP,eP,d,173751.22,iS,173812.85,503.00,103.00,L,,,,,,,,,,,,,,,,,,
BIP,eP,d,173754.74,eS,173822.06,779.00,139.00,L,,,,,,,,,,,,,,,,,,
KCP,iP,c,174401.52,iS,174405.51,,64.56,L,,,,,,,,,,,,,,,,,,
CTB,iP,c,174412.72,iS,174424.64,,65.88,L,,,,,,,,,,,,,,,,,,
KCP,iP,c,174747.31,iS,174751.62,,106.31,L,,,,,,,,,,,,,,,,,,
KCP,iP,d,174942.68,iS,174946.84,,50.69,L,,,,,,,,,,,,,,,,,,
KCP,iP,c,175034.97,iS,175039.41,,115.44,L,,,,,,,,,,,,,,,,,,
KCP,iP,c,175857.93,iS,175902.35,,105.35,L,,,,,,,,,,,,,,,,,,
KCP,iP,c,180237.01,iS,180240.98,,65.93,L,,,,,,,,,,,,,,,,,,
TBP,eP,,180535.08,eS,180536.56,,,sL,,,,,,,,,,,,,,,,,,
KCP,iP,c,181313.11,iS,181317.91,,81.03,L,,,,,,,,,,,,,,,,,,
KCP,iP,c,181439.33,iS,181443.52,,34.30,L,,,,,,,,,,,,,,,,,,
KCP,iP,d,181630.10,iS,181634.21,,89.19,L,,,,,,,,,,,,,,,,,,
KCP,iP,c,181932.84,iS,181936.72,,73.68,L,,,,,,,,,,,,,,,,,,
KCP,iP,c,182055.46,iS,182059.76,,9.07,L,,,,,,,,,,,,,,,,,,
GSP,iP,c,182104.97,iS,182115.80,,101.00,L,,,,,,,,,,,,,,,,,,
KCP,iP,c,182104.97,iS,182108.72,,119.32,L,,,,,,,,,,,,,,,,,,
CTB,iP,c,182107.15,,,,80.53,L,,,,,,,,,,,,,,,,,,
BIP,eP,c,182122.85,eS,182151.88,,80.00,L,,,,,,,,,,,,,,,,,,
KCP,iP,d,182319.65,iS,182323.59,,107.00,L,,,,,,,,,,,,,,,,,,
CTB,iP,d,182329.46,iS,182340.62,,70.26,L,,,,,,,,,,,,,,,,,,
GSP,iP,c,182330.37,iS,183104.36,,90.00,L,,,,,,,,,,,,,,,,,,
CGP,eP,d,182342.83,eS,182404.01,225.00,83.00,L,,,,,,,,,,,,,,,,,,
KCP,ep,c,182821.04,iS,182825.81,,27.08,L,,,,,,,,,,,,,,,,,,
KCP,iP,d,183040.77,iS,183044.80,,84.69,L,,,,,,,,,,,,,,,,,,
GSP,iP,c,183051.31,iS,183040.59,,94.00,L,,,,,,,,,,,,,,,,,,
CTB,iP,c,183051.69,iS,183103.66,,88.11,L,,,,,,,,,,,,,,,,,,
PLP,iP,c,183513.65,iS,183516.62,,58.00,L,,,,,,,,,,,,,,,,,,
KCP,iP,c,183958.32,iS,184002.59,,88.57,L,,,,,,,,,,,,,,,,,,
LQP,eP,d,184710.20,,,,,sT,,,,,,,,,,,,,,,,,,
KCP,iP,c,184818.36,iS,184822.28,,54.36,L,,,,,,,,,,,,,,,,,,
KCP,iP,c,185144.13,iS,185149.78,,81.26,L,,,,,,,,,,,,,,,,,,
KCP,iP,c,185559.30,iS,185603.33,,114.97,L,,,,,,,,,,,,,,,,,,
KCP,eP,c,185839.84,iS,185847.22,,55.84,L,,,,,,,,,,,,,,,,,,
KCP,iP,c,190205.94,iS,190209.81,,48.48,L,,,,,,,,,,,,,,,,,,
DMP,eP,c,190210.89,eS,190221.06,1201.00,51.00,L,,,,,,,,,,,,,,,,,,
CTB,iP,c,190217.76,iS,190229.44,,42.42,L,,,,,,,,,,,,,,,,,,
KCP,eP,c,190256.55,iS,190300.56,,54.05,L,,,,,,,,,,,,,,,,,,
DMP,eP,c,190303.00,eS,190311.96,2260.00,78.00,L,,,,,,,,,,,,,,,,,,
CTB,iP,c,190306.93,iS,190318.56,,82.73,L,,,,,,,,,,,,,,,,,,
KCP,eP,c,191418.39,iS,191422.92,,87.42,L,,,,,,,,,,,,,,,,,,
KCP,iP,c,192711.10,iS,192714.93,,25.75,L,,,,,,,,,,,,,,,,,,
KCP,iP,c,192737.13,iS,192740.99,,50.13,L,,,,,,,,,,,,,,,,,,
KCP,eP,c,192830.00,iS,192832.10,,11.81,L,,,,,,,,,,,,,,,,,,
KCP,iP,d,193019.35,iS,193023.29,,57.26,L,,,,,,,,,,,,,,,,,,
CTB,iP,d,193029.26,iS,193040.89,,56.91,L,,,,,,,,,,,,,,,,,,
GSP,iP,c,193029.35,iS,193040.59,,94.00,L,,,,,,,,,,,,,,,,,,
CGP,eP,d,193042.40,eS,193103.88,279.00,84.00,L,,,,,,,,,,,,,,,,,,
BIP,eP,c,193048.06,iS,193112.96,,105.00,L,,,,,,,,,,,,,,,,,,
KCP,iP,d,193607.31,iS,193611.59,,52.49,L,,,,,,,,,,,,,,,,,,
DMP,eP,c,193648.90,eS,193659.92,1191.00,45.00,L,,,,,,,,,,,,,,,,,,
KCP,iP,c,193726.11,iS,193730.50,,40.04,L,,,,,,,,,,,,,,,,,,
DMP,eP,c,193732.59,iS,193741.88,,,sL,,,,,,,,,,,,,,,,,,
KCP,iP,d,193806.94,iS,193811.23,,48.12,L,,,,,,,,,,,,,,,,,,
KCP,iP,c,193918.57,iS,193921.74,,37.99,L,,,,,,,,,,,,,,,,,,
KCP,eP,c,194110.80,iS,194115.20,,42.12,L,,,,,,,,,,,,,,,,,,
KCP,iP,c,194513.35,iS,194519.18,,52.09,L,,,,,,,,,,,,,,,,,,
DMP,eP,c,194526.96,iS,194529.08,1661.00,70.00,L,,,,,,,,,,,,,,,,,,
KCP,iP,c,194709.51,iS,194712.61,,46.70,L,,,,,,,,,,,,,,,,,,
KCP,iP,c,194756.90,iS,194800.98,,61.52,L,,,,,,,,,,,,,,,,,,
DMP,eP,c,194803.71,iS,194812.95,1380.00,FBAQ,L,,,,,,,,,,,,,,,,,,
CTB,iP,c,194807.44,iS,194819.67,,76.01,L,,,,,,,,,,,,,,,,,,
KCP,eP,c,195200.62,iS,195204.27,,74.47,L,,,,,,,,,,,,,,,,,,
KCP,iP,c,195814.98,iS,195818.66,,58.62,L,,,,,,,,,,,,,,,,,,
KCP,iP,c,200403.98,iS,200407.56,,34.60,L,,,,,,,,,,,,,,,,,,
KCP,iP,c,200630.78,iS,200634.62,,85.16,L,,,,,,,,,,,,,,,,,,
KCP,eP,c,200920.26,iS,200924.65,,24.35,L,,,,,,,,,,,,,,,,,,
KCP,eP,c,200944.61,iS,200948.32,,58.82,L,,,,,,,,,,,,,,,,,,
KCP,eP,c,201059.77,iS,201102.14,,72.34,L,,,,,,,,,,,,,,,,,,
DMP,eP,c,201105.22,iS,201113.60,1380.00,FBAQ,L,,,,,,,,,,,,,,,,,,
DMP,iP,c,201132.00,,,,,sL,,,,,,,,,,,,,,,,,,
KCP,iP,c,201245.85,iS,201249.96,,34.88,L,,,,,,,,,,,,,,,,,,
DMP,eP,c,201250.76,eS,201259.76,1252.00,108.00,L,,,,,,,,,,,,,,,,,,
KCP,eP,c,201321.79,iS,201325.68,,52.67,L,,,,,,,,,,,,,,,,,,
KCP,iP,c,201455.42,iS,201459.73,,62.14,L,,,,,,,,,,,,,,,,,,
DMP,eP,c,201500.57,eS,201510.66,1525.00,51.00,L,,,,,,,,,,,,,,,,,,
KCP,eP,c,201550.78,iS,201555.63,,32.87,L,,,,,,,,,,,,,,,,,,
KCP,eP,c,201623.97,iS,201626.79,,27.08,L,,,,,,,,,,,,,,,,,,
KCP,eP,c,201651.51,iS,201655.11,,35.49,L,,,,,,,,,,,,,,,,,,
KCP,eP,c,201727.50,iS,201729.56,,92.87,L,,,,,,,,,,,,,,,,,,
KCP,iP,c,202056.55,iS,202105.04,,75.45,L,,,,,,,,,,,,,,,,,,
KCP,eP,d,202213.65,iS,202217.06,,58.45,L,,,,,,,,,,,,,,,,,,
KCP,iP,c,202354.13,iS,202356.91,,39.02,L,,,,,,,,,,,,,,,,,,
DMP,eP,c,202400.47,eS,202408.68,1283.00,40.00,L,,,,,,,,,,,,,,,,,,
CGP,eP,d,202417.64,eS,202438.83,141.00,79.00,L,,,,,,,,,,,,,,,,,,
KCP,eP,c,202959.83,iS,203003.34,,16.90,L,,,,,,,,,,,,,,,,,,
KCP,iP,c,203016.80,iS,203020.67,,62.76,L,,,,,,,,,,,,,,,,,,
KCP,iP,c,203120.90,iS,203122.50,,34.40,L,,,,,,,,,,,,,,,,,,
KCP,iP,c,203155.84,iS,203200.18,,42.91,L,,,,,,,,,,,,,,,,,,
KCP,iP,c,203615.27,iS,203619.10,,37.00,L,,,,,,,,,,,,,,,,,,
KCP,eP,c,203730.66,iS,203734.9,,29.33,L,,,,,,,,,,,,,,,,,,
KCP,iP,c,203956.91,iS,204000.78,,31.25,L,,,,,,,,,,,,,,,,,,
DMP,eP,c,204004.17,eS,202408.68,1283.00,40.00,,,,,,,,,,,,,,,,,,,
KCP,eP,c,204453.48,iS,204456.15,,49.18,L,,,,,,,,,,,,,,,,,,
DMP,eP,c,204459.15,eS,204509.20,7203.00,145.00,L,,,,,,,,,,,,,,,,,,
CTB,iP,c,204504.34,,,,101.16,L,,,,,,,,,,,,,,,,,,
GSP,iP,c,204504.51,iS,204517.65,,133.00,L,,,,,,,,,,,,,,,,,,
CGP,eP,d,204541.82,eS,204539.98,195.00,98.00,L,,,,,,,,,,,,,,,,,,
KCP,eP,c,204747.86,iS,204751.82,,40.26,L,,,,,,,,,,,,,,,,,,
GSP,iP,c,204753.45,iS,204809.81,,95.00,L,,,,,,,,,,,,,,,,,,
DMP,eP,c,204755.50,eS,204802.63,127111.00,113.00,L,,,,,,,,,,,,,,,,,,
CTB,iP,d,204758.67,iS,204810.64,,71.97,L,,,,,,,,,,,,,,,,,,
KCP,eP,c,205236.48,iS,205239.93,,37.00,L,,,,,,,,,,,,,,,,,,
DMP,iP,c,205242.83,iS,205251.39,99646.00,90.00,L,,,,,,,,,,,,,,,,,,
GSP,iP,d,205246.19,iS,205258.33,,97.00,L,,,,,,,,,,,,,,,,,,
CGP,eP,c,205259.61,eS,205321.50,161.00,87.00,L,,,,,,,,,,,,,,,,,,
CDOP,eP,d,205411.63,eS,205424.93,717520,369,L,,,,,,,,,,,,,,,,,,
LCVP,eP,d,205415.47,iS,205432.69,201473,466,L,,,,,,,,,,,,,,,,,,
DMP,eP,c,205417.50,eS,205434.37,14178.00,451.00,L,,,,,,,,,,,,,,,,,,
KCP,iP,d,205420.87,iS,205438.75,,197.47,L,,,,,,,,,,,,,,,,,,
TASP,iP,d,205420.96,iS,205443.61,261833,414,L,,,,,,,,,,,,,,,,,,
BUKP,eP,d,205422.47,eS,205444.61,25097,353,L,,,,,,,,,,,,,,,,,,
VGLA,iP,d,205423.67,eS,205447.52,599595,370,L,,,,,,,,,,,,,,,,,,
TSSP,eP,d,205424.54,eS,205447.38,54853,405,L,,,,,,,,,,,,,,,,,,
PICP,eP,d,205425.27,eS,205449.08,-103385,305,L,,,,,,,,,,,,,,,,,,
GSP,iP,d,205425.82,iS,205450.76,,235.00,L,,,,,,,,,,,,,,,,,,
BUTP,eP,d,205427.26,eS,205454.32,14535,349,L,,,,,,,,,,,,,,,,,,
VGAM,iP,d,205428.31,eS,205454.28,-355671,449,L,,,,,,,,,,,,,,,,,,
CGP,iP,d,205429.63,iS,205457.37,6811.00,247.00,L,,,,,,,,,,,,,,,,,,
CTB,iP,d,205430.25,iS,205509.76,,265.47,L,,,,,,,,,,,,,,,,,,
MARP,iP,d,205432.91,eS,205502.75,67207,260,L,,,,,,,,,,,,,,,,,,
GLSP,eP,c,205433.28,eS,205501.90,37342,406,L,,,,,,,,,,,,,,,,,,
SCP,eP,d,205436.01,eS,205510.08,10427463.00,428.00,L,,,,,,,,,,,,,,,,,,
BLNP,iP,d,205436.47,iS,205508.51,135315,313,L,,,,,,,,,,,,,,,,,,
LDIP,eP,c,205441.75,eS,205519.97,-19510,324,L,,,,,,,,,,,,,,,,,,
PAGZ,iP,d,205442.80,iS,205521.47,50590,423,L,,,,,,,,,,,,,,,,,,
GHBP,eP,d,205443.21,eS,205521.10,24877,421,L,,,,,,,,,,,,,,,,,,
MSLP,eP,c,205443.43,eS,205520.61,-567,321,L,,,,,,,,,,,,,,,,,,
LSIP,eP,d,205445.63,iS,205524.63,19363,353,L,,,,,,,,,,,,,,,,,,
DCP,iP,d,205446.38,iS,205542.76,,292.57,L,,,,,,,,,,,,,,,,,,
TABP,eP,c,205446.87,iS,205526.80,20282,418,L,,,,,,,,,,,,,,,,,,
TBP,iP,d,205447.90,iS,205529.37,14917.0,660.0,L,,,,,,,,,,,,,,,,,,
SNP,iP,d,205452.17,eS,205538.30,5728.0,277.0,L,,,,,,,,,,,,,,,,,,
DACP,iP,d,205452.35,eS,205536.68,13797,395,L,,,,,,,,,,,,,,,,,,
IPIL,eP,d,205453.12,eS,205543.29,,265,L,,,,,,,,,,,,,,,,,,
SFCP,eP,c,205453.31,eS,205536.50,8612,364,L,,,,,,,,,,,,,,,,,,
LLP,eP,d,205453.83,iS,205536.97,5007.4,289.58,L,,,,,,,,,,,,,,,,,,
PLP,eP,c,205454.21,eS,205536.61,,292.00,L,,,,,,,,,,,,,,,,,,
OCLP,eP,c,205456.17,,,,236,L,,,,,,,,,,,,,,,,,,
BESP,eP,c,205458.24,eS,205545.32,,262,L,,,,,,,,,,,,,,,,,,
GNOP,iP,d,205459.27,eS,205546.91,10272,400,L,,,,,,,,,,,,,,,,,,
ZCP,eP,d,205459.82,,,12033.00,140.00,T,,,,,,,,,,,,,,,,,,
VKCH,eP,c,205501.27,eS,205552.85,399,293,L,,,,,,,,,,,,,,,,,,
MECP,eP,c,205501.59,eS,205549.75,7436,262,L,,,,,,,,,,,,,,,,,,
CNOP,iP,d,205501.89,eS,205550.39,9925,264,L,,,,,,,,,,,,,,,,,,
CADP,eP,c,205505.15,eS,205600.07,8371,284,L,,,,,,,,,,,,,,,,,,
GUIM,eP,c,205509.21,eS,205604.81,,256,L,,,,,,,,,,,,,,,,,,
RCP,iP,c,205516.46,,,,,T,,,,,,,,,,,,,,,,,,
JAP,eP,c,205518.34,,,437.0,397.18,L,,,,,,,,,,,,,,,,,,
MMP,eP,d,205518.35,iS,205617.17,2826.0,209.00,L,,,,,,,,,,,,,,,,,,
CNPS,eP,,205520.17,eS,205611.25,685,245,L,,,,,,,,,,,,,,,,,,
VBIH,eP,c,205521.90,eS,205617.80,-30578758,323,L,,,,,,,,,,,,,,,,,,
IAPS,eP,c,205525.84,,,,220,L,,,,,,,,,,,,,,,,,,
VMAN,eP,c,205528.81,eS,205640.62,,210,L,,,,,,,,,,,,,,,,,,
PVCP,eP,c,205530.52,eS,205637.42,42394863,294,L,,,,,,,,,,,,,,,,,,
OTRP,eP,c,205531.91,,,,234,L,,,,,,,,,,,,,,,,,,
BTTP,eP,d,205535.02,eS,205654.05,3728,273,T,,,,,,,,,,,,,,,,,,
SCSP,eP,c,205536.66,,,,,T,,,,,,,,,,,,,,,,,,
SJMP,eP,c,205540.33,,,-141,288,L,,,,,,,,,,,,,,,,,,
LQP,eP,d,205544.51,,,526,256.33,L,,,,,,,,,,,,,,,,,,
GQP,eP,d,205545.08,,,1.58E06,203,L,,,,,,,,,,,,,,,,,,
BUSP,eP,c,205545.33,,,,,T,,,,,,,,,,,,,,,,,,
JCNP,eP,c,205547.03,,,,,T,,,,,,,,,,,,,,,,,,
AIQP,eP,c,205549.29,,,,,T,,,,,,,,,,,,,,,,,,
LBLP,eP,c,205556.57,,,,,T,,,,,,,,,,,,,,,,,,
VTAG,eP,c,205557.08,iS,205740.37,,,T,,,,,,,,,,,,,,,,,,
PAKP,eP,d,205558.38,,,,,T,,,,,,,,,,,,,,,,,,
POLP,eP,c,205558.78,,,,,T,,,,,,,,,,,,,,,,,,
BATP,eP,d,205559.18,,,,,T,,,,,,,,,,,,,,,,,,
TIRP,iP,d,205559.42,eS,205744.28,1912,,T,,,,,,,,,,,,,,,,,,
GNQP,eP,d,205600.43,,,,,T,,,,,,,,,,,,,,,,,,
LUBP,eP,c,205601.37,eS,205746.35,-2509,,T,,,,,,,,,,,,,,,,,,
MACP,eP,d,205602.35,,,,,T,,,,,,,,,,,,,,,,,,
RTBP,eP,d,205604.59,eS,205753.86,,,T,,,,,,,,,,,,,,,,,,
QVPS,eP,c,205604.69,,,,,T,,,,,,,,,,,,,,,,,,
ABPP,eP,d,205609.89,,,,,T,,,,,,,,,,,,,,,,,,
IBZP,eP,c,205618.12,,,,,T,,,,,,,,,,,,,,,,,,
CAUP,eP,c,205619.83,,,,,T,,,,,,,,,,,,,,,,,,
SCZP,eP,c,205624.62,,,,,T,,,,,,,,,,,,,,,,,,
SAMP,eP,c,205630.64,,,,,T,,,,,,,,,,,,,,,,,,
PALP,eP,c,205642.60,,,,,T,,,,,,,,,,,,,,,,,,
ABRA,eP,c,205645.93,,,,,T,,,,,,,,,,,,,,,,,,
CVPS,eP,c,205646.57,,,,,T,,,,,,,,,,,,,,,,,,
SGCP,eP,c,205650.37,,,,,T,,,,,,,,,,,,,,,,,,
KCP,eP,c,205740.68,iS,205745.90,,109.15,L,,,,,,,,,,,,,,,,,,
KCP,iP,c,210220.98,iS,200225.16,,115.48,L,,,,,,,,,,,,,,,,,,
DMP,iP,d,210227.16,iS,210235.43,26009.00,237.00,L,,,,,,,,,,,,,,,,,,
CTB,iP,c,210232.57,iS,210244.84,,129.51,L,,,,,,,,,,,,,,,,,,
CGP,iP,c,210245.34,iS,210306.34,1591.00,163.00,L,,,,,,,,,,,,,,,,,,
DCP,iP,d,210302.61,iS,210338.20,,278.50,L,,,,,,,,,,,,,,,,,,
SCP,eP,d,210304.37,,,124479.00,181.60,L,,,,,,,,,,,,,,,,,,
SNP,eP,,210313.00,eS,210400.41,302.0,172.0,L,,,,,,,,,,,,,,,,,,
LLP,eP,,210319.07,eS,210405.99,228.8,176.13,L,,,,,,,,,,,,,,,,,,
PLP,eP,c,210322.15,eS,210408.19,,198.00,L,,,,,,,,,,,,,,,,,,
RCP,iP,c,210338.85,,,,,T,,,,,,,,,,,,,,,,,,
DMP,iP,c,210935.05,iS,210937.18,5016.00,,sL,,,,,,,,,,,,,,,,,,
DCP,iP,d,211416.57,,,,205.06,L,,,,,,,,,,,,,,,,,,
SCP,eP,d,211419.83,,,26532.00,105.72,L,,,,,,,,,,,,,,,,,,
TBP,eP,,211426.91,,,,,sT,,,,,,,,,,,,,,,,,,
LQP,eP,d,211517.27,,,,,sT,,,,,,,,,,,,,,,,,,
KCP,iP,d,212127.04,iS,212129.54,,60.51,L,,,,,,,,,,,,,,,,,,
DMP,iP,c,212132.45,iS,212141.35,4497.00,95.00,L,,,,,,,,,,,,,,,,,,
PIP,eP,c,212323.31,eS,212330.18,,53,L,,,,,,,,,,,,,,,,,,
KCP,iP,c,212451.50,iS,212455.38,,66.46,L,,,,,,,,,,,,,,,,,,
DMP,iP,c,212457.68,iS,212506.00,,,sL,,,,,,,,,,,,,,,,,,
DMP,eP,c,213111.62,eS,213231.00,2493.00,59.00,L,,,,,,,,,,,,,,,,,,
DMP,eP,c,213212.83,eS,213231.21,1597.00,52.00,L,,,,,,,,,,,,,,,,,,
KCP,eP,c,213813.53,iS,213817.02,,17.22,L,,,,,,,,,,,,,,,,,,
KCP,iP,c,214307.96,iS,214312.11,,66.48,L,,,,,,,,,,,,,,,,,,
DMP,eP,c,214312.95,eS,214322.21,2410.00,58.00,L,,,,,,,,,,,,,,,,,,
KCP,iP,c,214528.28,iS,214531.03,,36.02,L,,,,,,,,,,,,,,,,,,
KCP,iP,c,214829.78,iS,214833.48,,82.74,L,,,,,,,,,,,,,,,,,,
DMP,eP,c,214831.18,eS,214844.79,1240.00,55.00,L,,,,,,,,,,,,,,,,,,
KCP,eP,c,215806.78,iS,215811.26,,30.36,L,,,,,,,,,,,,,,,,,,
KCP,iP,c,215837.55,iS,215841.94,,63.28,L,,,,,,,,,,,,,,,,,,
KCP,iP,c,220009.64,iS,220013.64,,70.78,L,,,,,,,,,,,,,,,,,,
KCP,iP,d,220413.49,iS,220418.36,,37.00,L,,,,,,,,,,,,,,,,,,
KCP,iP,c,220629.24,iS,220635.90,,57.37,L,,,,,,,,,,,,,,,,,,
DMP,eP,c,220637.52,eS,220643.57,1684.00,,sL,,,,,,,,,,,,,,,,,,
KCP,iP,d,220819.09,iS,220823.62,,54.38,L,,,,,,,,,,,,,,,,,,
DMP,iP,d,220848.62,eS,220856.65,1389.00,40.00,L,,,,,,,,,,,,,,,,,,
KCP,iP,d,221004.24,iS,221008.08,,43.01,L,,,,,,,,,,,,,,,,,,
KCP,eP,d,221051.08,iS,221056.13,,92.33,L,,,,,,,,,,,,,,,,,,
DMP,eP,c,221056.85,eS,221105.29,1922.00,50.00,L,,,,,,,,,,,,,,,,,,
KCP,iP,c,221942.76,iS,221946.07,,77.53,L,,,,,,,,,,,,,,,,,,
DMP,eP,c,221945.99,eS,221958.41,,,sL,,,,,,,,,,,,,,,,,,
KCP,iP,c,222243.61,iS,222247.29,,39.79,L,,,,,,,,,,,,,,,,,,
DMP,eP,c,222258.36,,,,,sL,,,,,,,,,,,,,,,,,,
KCP,iP,c,223211.69,iS,223215.28,,49.91,L,,,,,,,,,,,,,,,,,,
DMP,iP,c,223217.90,eS,223226.65,1486.00,,sL,,,,,,,,,,,,,,,,,,
KCP,iP,d,223354.30,iS,223358.20,,40.24,L,,,,,,,,,,,,,,,,,,
DMP,eP,c,223359.18,iS,223407.06,13179.00,66.00,L,,,,,,,,,,,,,,,,,,
PIP,eP,c,223842.46,eS,223848.54,,51,L,,,,,,,,,,,,,,,,,,
KCP,iP,d,224505.02,iS,224508.49,,44.62,L,,,,,,,,,,,,,,,,,,
KCP,eP,c,224704.04,iS,224708.61,,19.71,L,,,,,,,,,,,,,,,,,,
DMP,iP,c,224710.23,iS,224725.57,3548.00,125.00,L,,,,,,,,,,,,,,,,,,
KCP,iP,c,224723.85,iS,224729.73,,51.26,L,,,,,,,,,,,,,,,,,,
CTB,iP,c,224726.79,,,,89.60,L,,,,,,,,,,,,,,,,,,
KCP,eP,c,224943.18,iS,224948.77,,76.32,L,,,,,,,,,,,,,,,,,,
KCP,iP,c,225137.37,iS,225140.82,,29.28,L,,,,,,,,,,,,,,,,,,
KCP,iP,c,225422.69,iS,225428.07,,139.05,L,,,,,,,,,,,,,,,,,,
DMP,iP,c,225429.02,iS,225438.94,10793.00,127.00,L,,,,,,,,,,,,,,,,,,
CTB,iP,c,225431.77,,,,95.66,L,,,,,,,,,,,,,,,,,,
BIP,iP,d,225449.87,iS,225520.98,1155.00,117.00,L,,,,,,,,,,,,,,,,,,
DCP,iP,c,225457.64,iS,225529.46,,171.70,L,,,,,,,,,,,,,,,,,,
KCP,eP,c,230033.83,iS,230041.43,,93.25,L,,,,,,,,,,,,,,,,,,
KCP,eP,d,230902.60,iS,230906.57,,42.74,L,,,,,,,,,,,,,,,,,,
KCP,eP,c,231038.06,iS,231046.55,,83.18,L,,,,,,,,,,,,,,,,,,
DMP,iP,c,231053.08,iS,231101.93,3523.00,77.00,L,,,,,,,,,,,,,,,,,,
CTB,iP,c,231100.52,iS,231109.39,,64.00,L,,,,,,,,,,,,,,,,,,
BIP,eP,d,231116.30,eS,231138.67,,101.00,L,,,,,,,,,,,,,,,,,,
KCP,eP,c,231210.91,iS,231214.07,,37.00,L,,,,,,,,,,,,,,,,,,
DMP,iP,c,231216.88,iS,231224.62,2379.00,,sL,,,,,,,,,,,,,,,,,,
KCP,eP,d,231451.67,iS,231455.53,,72.46,L,,,,,,,,,,,,,,,,,,
KCP,iP,c,231711.95,iS,231717.28,,17.00,L,,,,,,,,,,,,,,,,,,
KCP,iP,d,231744.94,iS,231753.57,,110.11,L,,,,,,,,,,,,,,,,,,
KCP,iP,d,232159.30,iS,232203.99,,80.31,L,,,,,,,,,,,,,,,,,,
KCP,iP,c,232715.88,iS,232719.81,,118.57,L,,,,,,,,,,,,,,,,,,
DMP,iP,c,232721.52,,,,,sL,,,,,,,,,,,,,,,,,,
KCP,eP,c,233505.88,iS,235508.60,,47.59,L,,,,,,,,,,,,,,,,,,
DMP,iP,c,233511.64,eS,233519.82,1048.00,65.00,L,,,,,,,,,,,,,,,,,,
BIP,eP,c,234752.13,eS,234819.33,,102.00,L,,,,,,,,,,,,,,,,,,
KCP,iP,c,235155.87,iS,235200.20,,74.65,L,,,,,,,,,,,,,,,,,,
KCP,eP,c,235306.00,iS,235312.70,,166.34,L,,,,,,,,,,,,,,,,,,
KCP,iP,c,235559.71,iS,235607.21,,84.02,L,,,,,,,,,,,,,,,,,,
KCP,iP,c,235933.69,iS,235936.43,,57.95,L,,,,,,,,,,,,,,,,,,
DMP,eP,c,235934.31,eS,235947.16,7366.00,101.00,L,,,,,,,,,,,,,,,,,,
,,,,,,,,,,,,,,,,,,,,,,,,,,
,,,,,,,,,,,,,,,,,,,,,,,,,,
,,,,,,,,,,,,,,,,,,,,,,,,,,
,,,,,,,,,,,,,,,,,,,,,,,,,,
,,,,,,,,,,,,,,,,,,,,,,,,,,
Intensity Reports:,,,,,,,,,,,,,,,,,,,,,,,,,,
2053z,"PEIS II - General Santos City; Tupi, South Cotabato",,,,,,,,,,,,,,,,,,,,,,,,,
1510z,PEIS II- Kidapawan City,,,,,,,,,,,,,,,,,,,,,,,,,
1441z,PEIS II- Kidapawan City,,,,,,,,,,,,,,,,,,,,,,,,,
1335z,PEIS II-Kidapawan City,,,,,,,,,,,,,,,,,,,,,,,,,
1335z,PEIS II- Kidapawan City,,,,,,,,,,,,,,,,,,,,,,,,,
1234z,PEIS III- Kidapawan City,,,,,,,,,,,,,,,,,,,,,,,,,
1234z,PEIS II- General Santos City,,,,,,,,,,,,,,,,,,,,,,,,,
1209z,PEIS IV- Kidapawan City,,,,,,,,,,,,,,,,,,,,,,,,,
1209z,PEIS II- General Santos City,,,,,,,,,,,,,,,,,,,,,,,,,
1137z,"PEIS VII - Tulunan,  M'Lang and Makilala, Cotabato; Kidapawan City; ",,,,,,,,,,,,,,,,,,,,,,,,,
1137z,"PEIS VII - Magsaysay and Digos City, Davao del Sur",,,,,,,,,,,,,,,,,,,,,,,,,
1137z,"PEIS VI - Sto. Nino, South Cotabato; Tacurong City, Sultan Kudarat",,,,,,,,,,,,,,,,,,,,,,,,,
1137z,"PEIS V - Lake Sebu,  Polomolok, Tampakan and Tupi, Roxas and Pikit; South Cotabato; Koronadal City",,,,,,,,,,,,,,,,,,,,,,,,,
1137z,PEIS V - Pres. Cotabato; General Santos City; Alabel and Malungon Sarangani; Davao City;,,,,,,,,,,,,,,,,,,,,,,,,,
1137z,PEIS V - Kalamansig  Lebak and Palimbang Sultan Kudarat,,,,,,,,,,,,,,,,,,,,,,,,,
1137z,"PEIS IV - Kiamba, Sarangani; Esperanza and Rosario, Agusan del Sur; Kalilangan, Quezon, Kadingilan and Damulog  Bukidnon; Mawab;  ",,,,,,,,,,,,,,,,,,,,,,,,,
1137z,"PEIS IV - Compostela Valley; Cotabato City; Matanog Barira, and Sultan Kudarat, Maguindanao",,,,,,,,,,,,,,,,,,,,,,,,,
1137z,"PEIS III - Santa Josefa, Agusan del Sur; Iligan City; Dipolog City; Cagayan de Oro City;",,,,,,,,,,,,,,,,,,,,,,,,,
1137z,"PEIS III - Gingoog City, Misamis Oriental",,,,,,,,,,,,,,,,,,,,,,,,,
1137z,PEIS II - Butuan City; Zamboanga City,,,,,,,,,,,,,,,,,,,,,,,,,
1137z,"PEIS I - Hinatuan, Surigao del Sur",,,,,,,,,,,,,,,,,,,,,,,,,
Instrumental Intensities:,,,,,,,,,,,,,,,,,,,,,,,,,,
2053z,"PEIS III - Alabel, Sarangani",,,,,,,,,,,,,,,,,,,,,,,,,
2053z,"PEIS II - General Santos City; Tupi, South Cotabato",,,,,,,,,,,,,,,,,,,,,,,,,
2053z,"PEIS I - Kiamba, Sarangani",,,,,,,,,,,,,,,,,,,,,,,,,
1737z,PEIS I - Kidapawan City,,,,,,,,,,,,,,,,,,,,,,,,,
1510z,PEIS II - Kidapawan City,,,,,,,,,,,,,,,,,,,,,,,,,
1441z,PEIS II - Kidapawan City,,,,,,,,,,,,,,,,,,,,,,,,,
1234z,PEIS III - Kidapawan City,,,,,,,,,,,,,,,,,,,,,,,,,
1209z,PEIS V- Kidapawan City,,,,,,,,,,,,,,,,,,,,,,,,,
1209z,"PEIS III - Alabel, Sarangani; Tupi, South Cotabato",,,,,,,,,,,,,,,,,,,,,,,,,
1209z,"PEIS II - General Santos City, South Cotabato",,,,,,,,,,,,,,,,,,,,,,,,,
1209z,"PEIS I - Kiamba, Sarangani; Gingoog, Misamis Oriental",,,,,,,,,,,,,,,,,,,,,,,,,
1137z,PEIS VII - Kidapawan City,,,,,,,,,,,,,,,,,,,,,,,,,
1137z,"PEIS V - Tupi and Polomolok, South Cotabato; Alabel, Sarangani",,,,,,,,,,,,,,,,,,,,,,,,,
1137z,"PEIS IV - Kiamba,  Sarangani; T'Boli, South Cotabato; General Santos City",,,,,,,,,,,,,,,,,,,,,,,,,
1137z,"PEIS III - Cagayan de Oro City; Gingoog City, Misamis Oriental;",,,,,,,,,,,,,,,,,,,,,,,,,
1137z,"PEIS II - Cagayan de Oro, Misamis Oriental",,,,,,,,,,,,,,,,,,,,,,,,,
1137z,PEIS I - Dipolog City; Bislig City;,,,,,,,,,,,,,,,,,,,,,,,,,
,,,,,,,,,,,,,,,,,,,,,,,,,,
,,,,,,,,,,,,,,,,,,,,,,,,,,
Remarks,,,,,Station,Observer,Time,,,,,,,,,,,,,,,,,,,
BCP,No quake recorded.,,,,GQP, RAP, 2344,,,,,,,,,,,,,,,,,,,
ZCP,No quake recorded.,,,,LQP, MV,0038,,,,,,,,,,,,,,,,,,,
,,,,,TGY, ACC/CMP/MLV,0000,,,,,,,,,,,,,,,,,,,
,,,,,PGP, NJA,0012,,,,,,,,,,,,,,,,,,,
,,,,,SIP, FIY,0015,,,,,,,,,,,,,,,,,,,
,,,,,PIP, JGR,0133,,,,,,,,,,,,,,,,,,,
,,,,,BCP, JDG,2342,,,,,,,,,,,,,,,,,,,
,,,,,BIP, ES,0346,,,,,,,,,,,,,,,,,,,
,,,,,CGP, ML,0017,,,,,,,,,,,,,,,,,,,
,,,,,CTB, ICE/RGA,0824,,,,,,,,,,,,,,,,,,,
,,,,,DCP, FBG,0350,,,,,,,,,,,,,,,,,,,
,,,,,DMP, STC/KRV,1542,,,,,,,,,,,,,,,,,,,
,,,,,GSP, NMD,0057,,,,,,,,,,,,,,,,,,,
,,,,,KCP, MT,0806,,,,,,,,,,,,,,,,,,,
,,,,,SCP, DRA,0311,,,,,,,,,,,,,,,,,,,
,,,,,ZCP, ETL,0239,,,,,,,,,,,,,,,,,,,
,,,,,,,,,,,,,,,,,,,,,,,,,,
,,,,,,,,,,,,,,,,,,,,,,,,,,
PGP,Power Interuption @ 0000z,,,,,,,,,,,,,,,,,,,,,,,,,
TGY,Apollo Server Primary won't boot and Athena & Hydra won't update ,,,,,,,,,,,,,,,,,,,,,,,,,
TGY,earthquake events after preventive maintenance of MIS (installed VPN),,,,,,,,,,,,,,,,,,,,,,,,,
DMP ,FW of K. Vidad at DMP station as duty reliever (October 17-31 2019),,,,,,,,,,,,,,,,,,,,,,,,,
KCP,Defective Biometric clock APC 1000 UPS not working battery  need to ,,,,,,,,,,,,,,,,,,,,,,,,,
KCP,be replaced Very slow internet connection repair and renovation,,,,,,,,,,,,,,,,,,,,,,,,,
BIP,Datasaving is on the Atlasdue to Centaur's problem on its internal memory.,,,,,,,,,,,,,,,,,,,,,,,,,
GSP,Biometrics defective since May 2019 Power off of Centaur due to low battery ,,,,,,,,,,,,,,,,,,,,,,,,,
